run_id	step	avg_max_q
breakout_1656253812_89b07dc8	0	
breakout_1656253812_89b07dc8	3	
breakout_1656253812_89b07dc8	6	
breakout_1656253812_89b07dc8	8	
breakout_1656253812_89b07dc8	11	
breakout_1656253812_89b07dc8	13	
breakout_1656253812_89b07dc8	16	
breakout_1656253812_89b07dc8	18	
breakout_1656253812_89b07dc8	21	
breakout_1656253812_89b07dc8	23	
breakout_1656253812_89b07dc8	26	
breakout_1656253812_89b07dc8	28	
breakout_1656253812_89b07dc8	31	
breakout_1656253812_89b07dc8	33	
breakout_1656253812_89b07dc8	36	
breakout_1656253812_89b07dc8	39	
breakout_1656253812_89b07dc8	41	
breakout_1656253812_89b07dc8	44	
breakout_1656253812_89b07dc8	46	
breakout_1656253812_89b07dc8	49	
breakout_1656253812_89b07dc8	51	
breakout_1656253812_89b07dc8	54	
breakout_1656253812_89b07dc8	56	
breakout_1656253812_89b07dc8	59	
breakout_1656253812_89b07dc8	61	
breakout_1656253812_89b07dc8	64	
breakout_1656253812_89b07dc8	66	
breakout_1656253812_89b07dc8	69	
breakout_1656253812_89b07dc8	72	
breakout_1656253812_89b07dc8	74	
breakout_1656253812_89b07dc8	77	
breakout_1656253812_89b07dc8	79	
breakout_1656253812_89b07dc8	82	
breakout_1656253812_89b07dc8	84	
breakout_1656253812_89b07dc8	87	
breakout_1656253812_89b07dc8	89	
breakout_1656253812_89b07dc8	92	
breakout_1656253812_89b07dc8	94	
breakout_1656253812_89b07dc8	97	1.2949259413613214
breakout_1656253812_89b07dc8	99	1.111474374378169
breakout_1656253812_89b07dc8	102	1.0701397988077712
breakout_1656253812_89b07dc8	105	1.315549862384796
breakout_1656253812_89b07dc8	107	1.6574238061904907
breakout_1656253812_89b07dc8	110	1.16933593395594
breakout_1656253812_89b07dc8	112	1.4187201270035334
breakout_1656253812_89b07dc8	115	1.2655227192810603
breakout_1656253812_89b07dc8	117	1.2020575227560821
breakout_1656253812_89b07dc8	120	1.2421178817749023
breakout_1656253812_89b07dc8	122	1.1854715788116057
breakout_1656253812_89b07dc8	125	1.312922845495508
breakout_1656253812_89b07dc8	127	1.3359749533128047
breakout_1656253812_89b07dc8	130	1.3333970084102875
breakout_1656253812_89b07dc8	132	1.3345190739190136
breakout_1656253812_89b07dc8	135	1.3445191969305783
breakout_1656253812_89b07dc8	138	1.8097148797341756
breakout_1656253812_89b07dc8	140	1.314742796501871
breakout_1656253812_89b07dc8	143	1.299443174025108
breakout_1656253812_89b07dc8	145	1.3389994835569745
breakout_1656253812_89b07dc8	148	1.5476583871576521
breakout_1656253812_89b07dc8	150	1.4457176070464284
breakout_1656253812_89b07dc8	153	1.417410213748614
breakout_1656253812_89b07dc8	155	1.4041814062330458
breakout_1656253812_89b07dc8	158	1.3131950470534237
breakout_1656253812_89b07dc8	160	1.440950223773274
breakout_1656253812_89b07dc8	163	1.4512859176898347
breakout_1656253812_89b07dc8	165	1.479393174441961
breakout_1656253812_89b07dc8	168	1.5680715821791387
breakout_1656253812_89b07dc8	171	1.5836860184938135
breakout_1656253812_89b07dc8	173	1.4749395061230315
breakout_1656253812_89b07dc8	176	1.477668935060501
breakout_1656253812_89b07dc8	178	1.468776488304138
breakout_1656253812_89b07dc8	181	1.7421208976151108
breakout_1656253812_89b07dc8	183	1.5445376422670152
breakout_1656253812_89b07dc8	186	1.6328230957190195
breakout_1656253812_89b07dc8	188	1.551394552465469
breakout_1656253812_89b07dc8	191	1.5262204996744793
breakout_1656253812_89b07dc8	193	1.4700514098345223
breakout_1656253812_89b07dc8	196	1.5402748307043856
breakout_1656253812_89b07dc8	198	1.615357981331047
breakout_1656253812_89b07dc8	201	1.5412104995019975
breakout_1656253812_89b07dc8	204	1.702393325599464
breakout_1656253812_89b07dc8	206	1.4817428249065008
breakout_1656253812_89b07dc8	209	1.4551632283698945
breakout_1656253812_89b07dc8	211	1.642013656509506
breakout_1656253812_89b07dc8	214	1.5024349121160285
breakout_1656253812_89b07dc8	216	1.5172605724246413
breakout_1656253812_89b07dc8	219	1.6239094900530437
breakout_1656253812_89b07dc8	221	1.6263819639233574
breakout_1656253812_89b07dc8	224	1.6025530417760214
breakout_1656253812_89b07dc8	226	1.5136655386131588
breakout_1656253812_89b07dc8	229	1.6320224076509475
breakout_1656253812_89b07dc8	231	1.7029100351390385
breakout_1656253812_89b07dc8	234	1.6993814132831715
breakout_1656253812_89b07dc8	237	1.6612636506557465
breakout_1656253812_89b07dc8	239	1.5746802422735426
breakout_1656253812_89b07dc8	242	1.5586938279516556
breakout_1656253812_89b07dc8	244	1.5285734190660365
breakout_1656253812_89b07dc8	247	1.5691526189763496
breakout_1656253812_89b07dc8	249	1.6675148556629817
breakout_1656253812_89b07dc8	252	1.5614360121648703
breakout_1656253812_89b07dc8	254	1.6673467530923731
breakout_1656253812_89b07dc8	257	1.6281744227522896
breakout_1656253812_89b07dc8	259	1.6671819153954002
breakout_1656253812_89b07dc8	262	1.6067675328722186
breakout_1656253812_89b07dc8	264	1.7352917117950244
breakout_1656253812_89b07dc8	267	1.5680962613335363
breakout_1656253812_89b07dc8	270	1.6633568202392965
breakout_1656253812_89b07dc8	272	1.6390804985784135
breakout_1656253812_89b07dc8	275	1.694657957324615
breakout_1656253812_89b07dc8	277	1.6448729671537876
breakout_1656253812_89b07dc8	280	1.6267792982597873
breakout_1656253812_89b07dc8	282	1.6480689937608284
breakout_1656253812_89b07dc8	285	1.758549036582311
breakout_1656253812_89b07dc8	287	1.6693454644259285
breakout_1656253812_89b07dc8	290	1.6480484715442068
breakout_1656253812_89b07dc8	292	1.7080160795517687
breakout_1656253812_89b07dc8	295	1.6034786587669736
breakout_1656253812_89b07dc8	297	1.655398364365101
breakout_1656253812_89b07dc8	300	1.5864599425541728
breakout_1656253812_89b07dc8	303	1.5424613094329833
breakout_1656253812_89b07dc8	305	1.6264567547533886
breakout_1656253812_89b07dc8	308	1.7901731608789178
breakout_1656253812_89b07dc8	310	1.7045900507977134
breakout_1656253812_89b07dc8	313	1.6351798145060843
breakout_1656253812_89b07dc8	315	1.699649809754413
breakout_1656253812_89b07dc8	318	1.7328060289357332
breakout_1656253812_89b07dc8	320	1.8256176741092236
breakout_1656253812_89b07dc8	323	1.699385872909001
breakout_1656253812_89b07dc8	325	1.720600222165768
breakout_1656253812_89b07dc8	328	1.684066326587231
breakout_1656253812_89b07dc8	330	1.7160917099784403
breakout_1656253812_89b07dc8	333	1.753603826595258
breakout_1656253812_89b07dc8	336	1.7290307195098311
breakout_1656253812_89b07dc8	338	1.748745608329773
breakout_1656253812_89b07dc8	341	1.708965195780215
breakout_1656253812_89b07dc8	343	1.764644109575372
breakout_1656253812_89b07dc8	346	1.8023293437781158
breakout_1656253812_89b07dc8	348	1.713505795744599
breakout_1656253812_89b07dc8	351	1.6668479879697164
breakout_1656253812_89b07dc8	353	1.6663724322249924
breakout_1656253812_89b07dc8	356	1.7229378003518558
breakout_1656253812_89b07dc8	358	1.7932573777657967
breakout_1656253812_89b07dc8	361	1.7466778909887066
breakout_1656253812_89b07dc8	363	1.7299287722224281
breakout_1656253812_89b07dc8	366	1.9174642907945734
breakout_1656253812_89b07dc8	369	2.097844561508724
breakout_1656253812_89b07dc8	371	1.9406648234623234
breakout_1656253812_89b07dc8	374	2.0585176279670314
breakout_1656253812_89b07dc8	376	1.9650313229787917
breakout_1656253812_89b07dc8	379	2.015750636225161
breakout_1656253812_89b07dc8	381	1.8824464466379978
breakout_1656253812_89b07dc8	384	1.8412589202908909
breakout_1656253812_89b07dc8	386	1.8899053802490235
breakout_1656253812_89b07dc8	389	1.9361827632655269
breakout_1656253812_89b07dc8	391	2.0207617258032164
breakout_1656253812_89b07dc8	394	1.8894038610458375
breakout_1656253812_89b07dc8	396	1.9234239610758694
breakout_1656253812_89b07dc8	399	1.9166847761939554
breakout_1656253812_89b07dc8	402	1.9828066495157057
breakout_1656253812_89b07dc8	404	2.0430749912519715
breakout_1656253812_89b07dc8	407	1.9999781907615015
breakout_1656253812_89b07dc8	409	1.8338322891315944
breakout_1656253812_89b07dc8	412	1.8551688930567574
breakout_1656253812_89b07dc8	414	1.860227204440685
breakout_1656253812_89b07dc8	417	1.9224981123343445
breakout_1656253812_89b07dc8	419	1.837243321094107
breakout_1656253812_89b07dc8	422	1.9642153260219528
breakout_1656253812_89b07dc8	424	1.9475219324231148
breakout_1656253812_89b07dc8	427	1.9000574611780936
breakout_1656253812_89b07dc8	429	1.9087082804113193
breakout_1656253812_89b07dc8	432	1.8336474803777842
breakout_1656253812_89b07dc8	434	1.9046309176865999
breakout_1656253812_89b07dc8	437	1.9451471968130631
breakout_1656253812_89b07dc8	440	1.8879281979926088
breakout_1656253812_89b07dc8	442	1.919242920595057
breakout_1656253812_89b07dc8	445	1.8086451530456542
breakout_1656253812_89b07dc8	447	1.8663566329262473
breakout_1656253812_89b07dc8	450	1.8579850913956761
breakout_1656253812_89b07dc8	452	1.9067790706952412
breakout_1656253812_89b07dc8	455	1.839201860494547
breakout_1656253812_89b07dc8	457	1.9549687453258184
breakout_1656253812_89b07dc8	460	1.8962668190922654
breakout_1656253812_89b07dc8	462	1.9321519149247037
breakout_1656253812_89b07dc8	465	1.819420165306813
breakout_1656253812_89b07dc8	467	1.9093268887201944
breakout_1656253812_89b07dc8	470	1.9394592080797468
breakout_1656253812_89b07dc8	473	1.8645897717089266
breakout_1656253812_89b07dc8	475	1.9873937115205074
breakout_1656253812_89b07dc8	478	1.9256509571306166
breakout_1656253812_89b07dc8	480	1.9221368524763318
breakout_1656253812_89b07dc8	483	1.8752918583016063
breakout_1656253812_89b07dc8	485	1.9185821624029251
breakout_1656253812_89b07dc8	488	1.8396391386077517
breakout_1656253812_89b07dc8	490	1.898843409346162
breakout_1656253812_89b07dc8	493	1.9406536070779823
breakout_1656253812_89b07dc8	495	1.9200807564879117
breakout_1656253812_89b07dc8	498	1.9145473837852478
breakout_1656253812_89b07dc8	500	1.8684207816486773
breakout_1656253812_89b07dc8	503	1.9183076610330676
breakout_1656253812_89b07dc8	506	1.951759586500567
breakout_1656253812_89b07dc8	508	1.881379776661939
breakout_1656253812_89b07dc8	511	1.8251643193529008
breakout_1656253812_89b07dc8	513	1.8444625562872767
breakout_1656253812_89b07dc8	516	1.8456854224205017
breakout_1656253812_89b07dc8	518	1.8454610214957707
breakout_1656253812_89b07dc8	521	1.901944202700938
breakout_1656253812_89b07dc8	523	1.9169379080398172
breakout_1656253812_89b07dc8	526	1.8562603406906129
breakout_1656253812_89b07dc8	528	1.9357064031973117
breakout_1656253812_89b07dc8	531	1.9113370859918515
breakout_1656253812_89b07dc8	533	1.8959990528565418
breakout_1656253812_89b07dc8	536	1.9100911723505152
breakout_1656253812_89b07dc8	539	1.9563428681829702
breakout_1656253812_89b07dc8	541	1.83648379445076
breakout_1656253812_89b07dc8	544	1.8748157295313748
breakout_1656253812_89b07dc8	546	1.9568189372276437
breakout_1656253812_89b07dc8	549	1.9318482065200806
breakout_1656253812_89b07dc8	551	1.8710432232372345
breakout_1656253812_89b07dc8	554	1.950516504900796
breakout_1656253812_89b07dc8	556	1.9525080873852685
breakout_1656253812_89b07dc8	559	1.952658444359189
breakout_1656253812_89b07dc8	561	1.9180749298921271
breakout_1656253812_89b07dc8	564	1.8995436610077783
breakout_1656253812_89b07dc8	566	1.929502981049674
breakout_1656253812_89b07dc8	569	1.9324819644292195
breakout_1656253812_89b07dc8	572	1.9734758183076404
breakout_1656253812_89b07dc8	574	2.1598094245533885
breakout_1656253812_89b07dc8	577	2.1201691774354465
breakout_1656253812_89b07dc8	579	2.0878502967509815
breakout_1656253812_89b07dc8	582	2.0488285940837083
breakout_1656253812_89b07dc8	584	2.1299634220894803
breakout_1656253812_89b07dc8	587	2.0820756338644717
breakout_1656253812_89b07dc8	589	2.056228768727011
breakout_1656253812_89b07dc8	592	2.028245227133974
breakout_1656253812_89b07dc8	594	2.05401917229528
breakout_1656253812_89b07dc8	597	2.028207418080923
breakout_1656253812_89b07dc8	599	2.0310991558535347
breakout_1656253812_89b07dc8	602	2.1137993139763402
breakout_1656253812_89b07dc8	605	2.126841653294924
breakout_1656253812_89b07dc8	607	2.196702060699463
breakout_1656253812_89b07dc8	610	2.170728820912978
breakout_1656253812_89b07dc8	612	2.1316803721931037
breakout_1656253812_89b07dc8	615	2.137991722424825
breakout_1656253812_89b07dc8	617	2.1318968334117856
breakout_1656253812_89b07dc8	620	2.068349349859989
breakout_1656253812_89b07dc8	622	2.170212774663358
breakout_1656253812_89b07dc8	625	2.0818288809769636
breakout_1656253812_89b07dc8	627	2.0527105371968277
breakout_1656253812_89b07dc8	630	1.9983204292214436
breakout_1656253812_89b07dc8	632	2.202581835644586
breakout_1656253812_89b07dc8	635	2.170774387276691
breakout_1656253812_89b07dc8	638	2.242741957306862
breakout_1656253812_89b07dc8	640	2.060157424873776
breakout_1656253812_89b07dc8	643	2.0955163715407252
breakout_1656253812_89b07dc8	645	2.1510476638873417
breakout_1656253812_89b07dc8	648	2.077356193346136
breakout_1656253812_89b07dc8	650	1.9655009426853873
breakout_1656253812_89b07dc8	653	2.0530405698752983
breakout_1656253812_89b07dc8	655	2.1017883528703414
breakout_1656253812_89b07dc8	658	2.2653504428409397
breakout_1656253812_89b07dc8	660	2.1988755484589007
breakout_1656253812_89b07dc8	663	2.136443144566304
breakout_1656253812_89b07dc8	665	2.056312314579996
breakout_1656253812_89b07dc8	668	2.0612090045497533
breakout_1656253812_89b07dc8	671	2.064547317582856
breakout_1656253812_89b07dc8	673	2.056625325926419
breakout_1656253812_89b07dc8	676	2.0907782468580662
breakout_1656253812_89b07dc8	678	2.033225551843643
breakout_1656253812_89b07dc8	681	2.074841177669065
breakout_1656253812_89b07dc8	683	2.0997127229120673
breakout_1656253812_89b07dc8	686	2.1598906508750386
breakout_1656253812_89b07dc8	688	2.0912325933294476
breakout_1656253812_89b07dc8	691	2.141030305351307
breakout_1656253812_89b07dc8	693	2.127338956813423
breakout_1656253812_89b07dc8	696	2.0763261863608764
breakout_1656253812_89b07dc8	698	2.153183957676829
breakout_1656253812_89b07dc8	701	2.0914461431295974
breakout_1656253812_89b07dc8	704	2.140412159588026
breakout_1656253812_89b07dc8	706	2.1072042419249755
breakout_1656253812_89b07dc8	709	2.1038690760450542
breakout_1656253812_89b07dc8	711	2.16239257914121
breakout_1656253812_89b07dc8	714	2.1079076568285626
breakout_1656253812_89b07dc8	716	2.1393541661898294
breakout_1656253812_89b07dc8	719	2.057205105911602
breakout_1656253812_89b07dc8	721	2.1904035940766335
breakout_1656253812_89b07dc8	724	2.0624380209674573
breakout_1656253812_89b07dc8	726	2.182314772158861
breakout_1656253812_89b07dc8	729	2.1484350366378897
breakout_1656253812_89b07dc8	731	2.1352110573878655
breakout_1656253812_89b07dc8	734	2.224952184825862
breakout_1656253812_89b07dc8	737	2.0629316147031456
breakout_1656253812_89b07dc8	739	2.141882072176252
breakout_1656253812_89b07dc8	742	2.1729411922395228
breakout_1656253812_89b07dc8	744	2.1156803408821863
breakout_1656253812_89b07dc8	747	2.118269031047821
breakout_1656253812_89b07dc8	749	2.1681360043977436
breakout_1656253812_89b07dc8	752	2.151905203859011
breakout_1656253812_89b07dc8	754	2.195905154638917
breakout_1656253812_89b07dc8	757	2.253393385861371
breakout_1656253812_89b07dc8	759	2.049245162886016
breakout_1656253812_89b07dc8	762	2.1297682769158306
breakout_1656253812_89b07dc8	764	2.1116692353697384
breakout_1656253812_89b07dc8	767	2.126184424308881
breakout_1656253812_89b07dc8	770	2.2914703400046736
breakout_1656253812_89b07dc8	772	2.2171277112430996
breakout_1656253812_89b07dc8	775	2.1807399347793957
breakout_1656253812_89b07dc8	777	2.2103510737419128
breakout_1656253812_89b07dc8	780	2.203365050336366
breakout_1656253812_89b07dc8	782	2.2813171300672948
breakout_1656253812_89b07dc8	785	2.1289182000043914
breakout_1656253812_89b07dc8	787	2.181611400641752
breakout_1656253812_89b07dc8	790	2.2457250124878354
breakout_1656253812_89b07dc8	792	2.1168452883944098
breakout_1656253812_89b07dc8	795	2.1477193581430534
breakout_1656253812_89b07dc8	797	2.2355593345381997
breakout_1656253812_89b07dc8	800	2.103653376878694
breakout_1656253812_89b07dc8	803	2.2379615757916427
breakout_1656253812_89b07dc8	805	2.0816502386285354
breakout_1656253812_89b07dc8	808	2.146354094843998
breakout_1656253812_89b07dc8	810	2.2944432526826857
breakout_1656253812_89b07dc8	813	2.2536211407409525
breakout_1656253812_89b07dc8	815	2.1902376703484348
breakout_1656253812_89b07dc8	818	2.1949469435214994
breakout_1656253812_89b07dc8	820	2.171638244142135
breakout_1656253812_89b07dc8	823	2.2614967340833685
breakout_1656253812_89b07dc8	825	2.4135662766925075
breakout_1656253812_89b07dc8	828	2.2811061765208387
breakout_1656253812_89b07dc8	830	2.137503504753113
breakout_1656253812_89b07dc8	833	2.32311927255734
breakout_1656253812_89b07dc8	836	2.1487900573913365
breakout_1656253812_89b07dc8	838	2.2113986685256326
breakout_1656253812_89b07dc8	841	2.2564067336229177
breakout_1656253812_89b07dc8	843	2.196121339528066
breakout_1656253812_89b07dc8	846	2.26043323647808
breakout_1656253812_89b07dc8	848	2.2161552140587255
breakout_1656253812_89b07dc8	851	2.1926748037338255
breakout_1656253812_89b07dc8	853	2.2611692743301393
breakout_1656253812_89b07dc8	856	2.31659722839083
breakout_1656253812_89b07dc8	858	2.354922090366388
breakout_1656253812_89b07dc8	861	2.3209827645071623
breakout_1656253812_89b07dc8	863	2.208328349874654
breakout_1656253812_89b07dc8	866	2.202663866859494
breakout_1656253812_89b07dc8	868	2.213820586476145
breakout_1656253812_89b07dc8	871	2.113622175413987
breakout_1656253812_89b07dc8	874	2.2128682697056146
breakout_1656253812_89b07dc8	876	2.3353525884858857
breakout_1656253812_89b07dc8	879	2.224243662025355
breakout_1656253812_89b07dc8	881	2.270496134822433
breakout_1656253812_89b07dc8	884	2.3180529338504194
breakout_1656253812_89b07dc8	886	2.282586203046041
breakout_1656253812_89b07dc8	889	2.20289811358523
breakout_1656253812_89b07dc8	891	2.3519148487078994
breakout_1656253812_89b07dc8	894	2.2814694118143906
breakout_1656253812_89b07dc8	896	2.2834789814093175
breakout_1656253812_89b07dc8	899	2.3982186714808145
breakout_1656253812_89b07dc8	901	2.3848068777551044
breakout_1656253812_89b07dc8	904	2.380456305401666
breakout_1656253812_89b07dc8	907	2.3563942795389154
breakout_1656253812_89b07dc8	909	2.2419347763061523
breakout_1656253812_89b07dc8	912	2.252713643986246
breakout_1656253812_89b07dc8	914	2.2989074567953747
breakout_1656253812_89b07dc8	917	2.1996432657425222
breakout_1656253812_89b07dc8	919	2.2797433343089994
breakout_1656253812_89b07dc8	922	2.278633579692325
breakout_1656253812_89b07dc8	924	2.355448025748843
breakout_1656253812_89b07dc8	927	2.429544081290563
breakout_1656253812_89b07dc8	929	2.2684594919015697
breakout_1656253812_89b07dc8	932	2.361983514924086
breakout_1656253812_89b07dc8	934	2.1794674505790073
breakout_1656253812_89b07dc8	937	2.307549822898138
breakout_1656253812_89b07dc8	940	2.3747375654795815
breakout_1656253812_89b07dc8	942	2.3988714254434944
breakout_1656253812_89b07dc8	945	2.5388909744310983
breakout_1656253812_89b07dc8	947	2.493895724415779
breakout_1656253812_89b07dc8	950	2.498201128486153
breakout_1656253812_89b07dc8	952	2.6570842411067033
breakout_1656253812_89b07dc8	955	2.522120599210615
breakout_1656253812_89b07dc8	957	2.358397362422358
breakout_1656253812_89b07dc8	960	2.590895813674175
breakout_1656253812_89b07dc8	962	2.4993147150092168
breakout_1656253812_89b07dc8	965	2.564008748674967
breakout_1656253812_89b07dc8	967	2.658028992868605
breakout_1656253812_89b07dc8	970	2.4748134150224574
breakout_1656253812_89b07dc8	973	2.6836577746775245
breakout_1656253812_89b07dc8	975	2.5535568288143944
breakout_1656253812_89b07dc8	978	2.649620786751851
breakout_1656253812_89b07dc8	980	2.6109688984813975
breakout_1656253812_89b07dc8	983	2.525557284113727
breakout_1656253812_89b07dc8	985	2.6051069748501816
breakout_1656253812_89b07dc8	988	2.557489905549192
breakout_1656253812_89b07dc8	990	2.5761090149783126
breakout_1656253812_89b07dc8	993	2.6892746180295943
breakout_1656253812_89b07dc8	995	2.553341964116463
breakout_1656253812_89b07dc8	998	2.390649506023952
breakout_1656253812_89b07dc8	1000	2.4837643732763315
breakout_1656253812_89b07dc8	1003	2.53449905028037
breakout_1656253812_89b07dc8	1006	2.562614330729923
breakout_1656253812_89b07dc8	1008	2.4957856818249353
breakout_1656253812_89b07dc8	1011	2.502636900629316
breakout_1656253812_89b07dc8	1013	2.46851893166701
breakout_1656253812_89b07dc8	1016	2.48306080753153
breakout_1656253812_89b07dc8	1018	2.543305639010757
breakout_1656253812_89b07dc8	1021	2.3967019008086607
breakout_1656253812_89b07dc8	1023	2.498657926835649
breakout_1656253812_89b07dc8	1026	2.5561706411077623
breakout_1656253812_89b07dc8	1028	2.560751910507679
breakout_1656253812_89b07dc8	1031	2.3940876183302504
breakout_1656253812_89b07dc8	1033	2.591104681172022
breakout_1656253812_89b07dc8	1036	2.5362880766076388
breakout_1656253812_89b07dc8	1039	2.403887243721429
breakout_1656253812_89b07dc8	1041	2.5813217468559744
breakout_1656253812_89b07dc8	1044	2.4264498737370856
breakout_1656253812_89b07dc8	1046	2.442051882897654
breakout_1656253812_89b07dc8	1049	2.55891993346515
breakout_1656253812_89b07dc8	1051	2.4866147194153223
breakout_1656253812_89b07dc8	1054	2.5629205855112227
breakout_1656253812_89b07dc8	1056	2.5011782764403288
breakout_1656253812_89b07dc8	1059	2.5857428218379166
breakout_1656253812_89b07dc8	1061	2.538995525572035
breakout_1656253812_89b07dc8	1064	2.623854459921519
breakout_1656253812_89b07dc8	1066	2.538154707900409
breakout_1656253812_89b07dc8	1069	2.4627941581938
breakout_1656253812_89b07dc8	1072	2.434526435188625
breakout_1656253812_89b07dc8	1074	2.559585414119273
breakout_1656253812_89b07dc8	1077	2.520771330209087
breakout_1656253812_89b07dc8	1079	2.6171779802867343
breakout_1656253812_89b07dc8	1082	2.4317469171775405
breakout_1656253812_89b07dc8	1084	2.560607114114052
breakout_1656253812_89b07dc8	1087	2.362825436313657
breakout_1656253812_89b07dc8	1089	2.718279481919344
breakout_1656253812_89b07dc8	1092	2.572369027377373
breakout_1656253812_89b07dc8	1094	2.7612120711034343
breakout_1656253812_89b07dc8	1097	2.587292839245624
breakout_1656253812_89b07dc8	1099	2.7416772435108823
breakout_1656253812_89b07dc8	1102	2.6642149874001495
breakout_1656253812_89b07dc8	1105	2.599975050840163
breakout_1656253812_89b07dc8	1107	2.6199166343567217
breakout_1656253812_89b07dc8	1110	2.724477159452962
breakout_1656253812_89b07dc8	1112	2.7061255627763487
breakout_1656253812_89b07dc8	1115	2.636201410758786
breakout_1656253812_89b07dc8	1117	2.7610299871813866
breakout_1656253812_89b07dc8	1120	2.766778263668556
breakout_1656253812_89b07dc8	1122	2.7994746935199686
breakout_1656253812_89b07dc8	1125	2.7744052700635766
breakout_1656253812_89b07dc8	1127	2.8148477652243207
breakout_1656253812_89b07dc8	1130	2.6430261449185672
breakout_1656253812_89b07dc8	1132	2.6770599954496554
breakout_1656253812_89b07dc8	1135	2.6069741598645546
breakout_1656253812_89b07dc8	1138	2.8362959989330223
breakout_1656253812_89b07dc8	1140	2.556304009370906
breakout_1656253812_89b07dc8	1143	2.731903850204415
breakout_1656253812_89b07dc8	1145	2.7961688219611323
breakout_1656253812_89b07dc8	1148	2.732899250090122
breakout_1656253812_89b07dc8	1150	2.7127619354348433
breakout_1656253812_89b07dc8	1153	2.7303082873351383
breakout_1656253812_89b07dc8	1155	2.8346910038772895
breakout_1656253812_89b07dc8	1158	2.6066217058234744
breakout_1656253812_89b07dc8	1160	2.750893175972174
breakout_1656253812_89b07dc8	1163	2.670395544822642
breakout_1656253812_89b07dc8	1165	2.7430375613361955
breakout_1656253812_89b07dc8	1168	2.6105698806898934
breakout_1656253812_89b07dc8	1171	2.5891794458031656
breakout_1656253812_89b07dc8	1173	2.478804632811479
breakout_1656253812_89b07dc8	1176	2.705984228346721
breakout_1656253812_89b07dc8	1178	2.6977964697612657
breakout_1656253812_89b07dc8	1181	2.6262277096844793
breakout_1656253812_89b07dc8	1183	2.8333869151819764
breakout_1656253812_89b07dc8	1186	2.814535746262187
breakout_1656253812_89b07dc8	1188	2.704254756302669
breakout_1656253812_89b07dc8	1191	2.897434745516096
breakout_1656253812_89b07dc8	1193	2.6459875955581666
breakout_1656253812_89b07dc8	1196	2.912084008826584
breakout_1656253812_89b07dc8	1198	2.854492348821267
breakout_1656253812_89b07dc8	1201	2.895333560646003
breakout_1656253812_89b07dc8	1204	2.7896496622548628
breakout_1656253812_89b07dc8	1206	2.9355277697974387
breakout_1656253812_89b07dc8	1209	2.8819031890700844
breakout_1656253812_89b07dc8	1211	2.8795293589884583
breakout_1656253812_89b07dc8	1214	2.846123004927853
breakout_1656253812_89b07dc8	1216	2.5671952268202527
breakout_1656253812_89b07dc8	1219	2.6244979848751444
breakout_1656253812_89b07dc8	1221	2.751587348379147
breakout_1656253812_89b07dc8	1224	2.816247805842647
breakout_1656253812_89b07dc8	1226	2.725773101422324
breakout_1656253812_89b07dc8	1229	2.8043763671217663
breakout_1656253812_89b07dc8	1231	2.778097745144006
breakout_1656253812_89b07dc8	1234	2.8709342025998814
breakout_1656253812_89b07dc8	1237	2.839394963839475
breakout_1656253812_89b07dc8	1239	2.678267361709426
breakout_1656253812_89b07dc8	1242	2.7282414865493774
breakout_1656253812_89b07dc8	1244	2.6536515050464207
breakout_1656253812_89b07dc8	1247	2.5785282177309834
breakout_1656253812_89b07dc8	1249	2.638908118861062
breakout_1656253812_89b07dc8	1252	2.6045116203802605
breakout_1656253812_89b07dc8	1254	2.6382556217057362
breakout_1656253812_89b07dc8	1257	2.6069385992229313
breakout_1656253812_89b07dc8	1259	2.6311898148817825
breakout_1656253812_89b07dc8	1262	2.805060111094212
breakout_1656253812_89b07dc8	1264	2.593287576834361
breakout_1656253812_89b07dc8	1267	2.788427648720918
breakout_1656253812_89b07dc8	1269	2.8062920757893766
breakout_1656253812_89b07dc8	1272	2.587903430709591
breakout_1656253812_89b07dc8	1275	2.662718659740383
breakout_1656253812_89b07dc8	1277	2.622435871067397
breakout_1656253812_89b07dc8	1280	2.6803923399053153
breakout_1656253812_89b07dc8	1282	2.599594487462725
breakout_1656253812_89b07dc8	1285	2.707953736611775
breakout_1656253812_89b07dc8	1287	2.8774748719330376
breakout_1656253812_89b07dc8	1290	2.608659372463093
breakout_1656253812_89b07dc8	1292	2.606623677025854
breakout_1656253812_89b07dc8	1295	2.5729694131243925
breakout_1656253812_89b07dc8	1297	2.718962752594138
breakout_1656253812_89b07dc8	1300	2.7305535852399645
breakout_1656253812_89b07dc8	1302	2.623536890280162
breakout_1656253812_89b07dc8	1305	2.7082816731613293
breakout_1656253812_89b07dc8	1308	2.6044744817355205
breakout_1656253812_89b07dc8	1310	2.652460795934083
breakout_1656253812_89b07dc8	1313	2.6417428592665004
breakout_1656253812_89b07dc8	1315	2.5557805381658425
breakout_1656253812_89b07dc8	1318	2.8791442618035434
breakout_1656253812_89b07dc8	1320	2.6424551675767463
breakout_1656253812_89b07dc8	1323	2.659232982919236
breakout_1656253812_89b07dc8	1325	2.600777078075569
breakout_1656253812_89b07dc8	1328	2.6932923681715613
breakout_1656253812_89b07dc8	1330	2.579448285126927
breakout_1656253812_89b07dc8	1333	2.673035861007751
breakout_1656253812_89b07dc8	1335	2.5318616982662316
breakout_1656253812_89b07dc8	1338	2.7171845376491546
breakout_1656253812_89b07dc8	1341	2.6472413195859668
breakout_1656253812_89b07dc8	1343	2.729789020231106
breakout_1656253812_89b07dc8	1346	2.523092171149467
breakout_1656253812_89b07dc8	1348	2.650481715416297
breakout_1656253812_89b07dc8	1351	2.6391305702073233
breakout_1656253812_89b07dc8	1353	2.5473706546951744
breakout_1656253812_89b07dc8	1356	2.818451394840163
breakout_1656253812_89b07dc8	1358	2.721672647034944
breakout_1656253812_89b07dc8	1361	2.8131076961323833
breakout_1656253812_89b07dc8	1363	2.7315768862362972
breakout_1656253812_89b07dc8	1366	2.5384604287525963
breakout_1656253812_89b07dc8	1368	2.7370156730924333
breakout_1656253812_89b07dc8	1371	2.5292544168670004
breakout_1656253812_89b07dc8	1374	2.675336785805531
breakout_1656253812_89b07dc8	1376	2.7130518766438088
breakout_1656253812_89b07dc8	1379	2.6875930742453074
breakout_1656253812_89b07dc8	1381	2.7930686519445618
breakout_1656253812_89b07dc8	1384	2.8065811026003935
breakout_1656253812_89b07dc8	1386	2.7396626256881875
breakout_1656253812_89b07dc8	1389	2.943640751448291
breakout_1656253812_89b07dc8	1391	2.9559416974463115
breakout_1656253812_89b07dc8	1394	2.8890095678744494
breakout_1656253812_89b07dc8	1396	2.783337288204281
breakout_1656253812_89b07dc8	1399	2.6253801214862875
breakout_1656253812_89b07dc8	1401	2.8571587246517804
breakout_1656253812_89b07dc8	1404	3.0621343553066254
breakout_1656253812_89b07dc8	1407	2.685820207425526
breakout_1656253812_89b07dc8	1409	2.828553182056972
breakout_1656253812_89b07dc8	1412	2.7936109083214986
breakout_1656253812_89b07dc8	1414	2.8359313011169434
breakout_1656253812_89b07dc8	1417	2.842552875388752
breakout_1656253812_89b07dc8	1419	2.880401075303138
breakout_1656253812_89b07dc8	1422	2.8837983096304116
breakout_1656253812_89b07dc8	1424	2.903618098659949
breakout_1656253812_89b07dc8	1427	2.9709838545246487
breakout_1656253812_89b07dc8	1429	2.7854589858078604
breakout_1656253812_89b07dc8	1432	2.9174507546424864
breakout_1656253812_89b07dc8	1434	2.7434559964364573
breakout_1656253812_89b07dc8	1437	2.7222128804050274
breakout_1656253812_89b07dc8	1440	2.8219247431188195
breakout_1656253812_89b07dc8	1442	2.835498857201997
breakout_1656253812_89b07dc8	1445	3.0403100368859883
breakout_1656253812_89b07dc8	1447	2.898956189628776
breakout_1656253812_89b07dc8	1450	2.919955862313509
breakout_1656253812_89b07dc8	1452	2.9799432903528214
breakout_1656253812_89b07dc8	1455	2.7563668953047857
breakout_1656253812_89b07dc8	1457	2.728331252506801
breakout_1656253812_89b07dc8	1460	2.9597698374121797
breakout_1656253812_89b07dc8	1462	3.0287786722183228
breakout_1656253812_89b07dc8	1465	2.8203337697217066
breakout_1656253812_89b07dc8	1467	2.803906568412572
breakout_1656253812_89b07dc8	1470	2.7698020708462425
breakout_1656253812_89b07dc8	1473	3.043058938913412
breakout_1656253812_89b07dc8	1475	2.914037277458837
breakout_1656253812_89b07dc8	1478	3.1148973346775413
breakout_1656253812_89b07dc8	1480	2.910020986770062
breakout_1656253812_89b07dc8	1483	2.851842498882508
breakout_1656253812_89b07dc8	1485	2.8489212071023338
breakout_1656253812_89b07dc8	1488	2.9238414004445077
breakout_1656253812_89b07dc8	1490	2.7863528789306176
breakout_1656253812_89b07dc8	1493	2.8494044484318914
breakout_1656253812_89b07dc8	1495	2.727765507071558
breakout_1656253812_89b07dc8	1498	2.9778851776019386
breakout_1656253812_89b07dc8	1500	2.8137303417875565
breakout_1656253812_89b07dc8	1503	2.877939867090296
breakout_1656253812_89b07dc8	1506	2.850022044292716
breakout_1656253812_89b07dc8	1508	2.8202779752309204
breakout_1656253812_89b07dc8	1511	2.7811048301060994
breakout_1656253812_89b07dc8	1513	2.845914689420957
breakout_1656253812_89b07dc8	1516	3.134493602883248
breakout_1656253812_89b07dc8	1518	3.0680693465899798
breakout_1656253812_89b07dc8	1521	2.792891321182251
breakout_1656253812_89b07dc8	1523	2.971208852618488
breakout_1656253812_89b07dc8	1526	2.922089179095469
breakout_1656253812_89b07dc8	1528	3.0089174369193987
breakout_1656253812_89b07dc8	1531	2.993332799051849
breakout_1656253812_89b07dc8	1533	2.880476653227332
breakout_1656253812_89b07dc8	1536	3.034558911533917
breakout_1656253812_89b07dc8	1539	2.8711818890138106
breakout_1656253812_89b07dc8	1541	2.8377072112004558
breakout_1656253812_89b07dc8	1544	2.8334102609071388
breakout_1656253812_89b07dc8	1546	2.900901914911067
breakout_1656253812_89b07dc8	1549	2.9019373923737484
breakout_1656253812_89b07dc8	1551	2.8556864082813265
breakout_1656253812_89b07dc8	1554	3.0002031452167106
breakout_1656253812_89b07dc8	1556	2.916559579372406
breakout_1656253812_89b07dc8	1559	2.9059263647988787
breakout_1656253812_89b07dc8	1561	2.8645898317862413
breakout_1656253812_89b07dc8	1564	3.0326748162029897
breakout_1656253812_89b07dc8	1566	2.886526958287111
breakout_1656253812_89b07dc8	1569	2.854758990307649
breakout_1656253812_89b07dc8	1572	2.980965396596326
breakout_1656253812_89b07dc8	1574	3.0612469644189995
breakout_1656253812_89b07dc8	1577	2.888177058181247
breakout_1656253812_89b07dc8	1579	3.030269831031948
breakout_1656253812_89b07dc8	1582	2.906756340549682
breakout_1656253812_89b07dc8	1584	3.025816660843148
breakout_1656253812_89b07dc8	1587	2.852944938256779
breakout_1656253812_89b07dc8	1589	3.0059694219755646
breakout_1656253812_89b07dc8	1592	3.108143032642833
breakout_1656253812_89b07dc8	1594	3.1445753354775277
breakout_1656253812_89b07dc8	1597	3.213644938035445
breakout_1656253812_89b07dc8	1599	2.907147481130517
breakout_1656253812_89b07dc8	1602	3.0461709149233944
breakout_1656253812_89b07dc8	1605	3.091203470078726
breakout_1656253812_89b07dc8	1607	2.941016935818904
breakout_1656253812_89b07dc8	1610	3.024947781841476
breakout_1656253812_89b07dc8	1612	2.911584040778024
breakout_1656253812_89b07dc8	1615	3.1324971472775496
breakout_1656253812_89b07dc8	1617	3.0693629573691976
breakout_1656253812_89b07dc8	1620	3.073821034561209
breakout_1656253812_89b07dc8	1622	3.0494363425920405
breakout_1656253812_89b07dc8	1625	3.0379437378474643
breakout_1656253812_89b07dc8	1627	3.0523522834777834
breakout_1656253812_89b07dc8	1630	3.3545965362478185
breakout_1656253812_89b07dc8	1632	2.9931198366327223
breakout_1656253812_89b07dc8	1635	3.0901182132696956
breakout_1656253812_89b07dc8	1638	3.0045149518383876
breakout_1656253812_89b07dc8	1640	2.9930746250374374
breakout_1656253812_89b07dc8	1643	2.9486987849599435
breakout_1656253812_89b07dc8	1645	3.192364123132494
breakout_1656253812_89b07dc8	1648	3.209414150833425
breakout_1656253812_89b07dc8	1650	3.3239450310215806
breakout_1656253812_89b07dc8	1653	3.3956419650594984
breakout_1656253812_89b07dc8	1655	3.4260043256423054
breakout_1656253812_89b07dc8	1658	3.2958631468358015
breakout_1656253812_89b07dc8	1660	3.449108185658928
breakout_1656253812_89b07dc8	1663	3.315687476264106
breakout_1656253812_89b07dc8	1665	3.5745451626693003
breakout_1656253812_89b07dc8	1668	3.240534199427252
breakout_1656253812_89b07dc8	1671	3.4621144315848746
breakout_1656253812_89b07dc8	1673	3.328317583488126
breakout_1656253812_89b07dc8	1676	3.2815848257483506
breakout_1656253812_89b07dc8	1678	3.299744708318237
breakout_1656253812_89b07dc8	1681	3.473801655322313
breakout_1656253812_89b07dc8	1683	3.4179272229751843
breakout_1656253812_89b07dc8	1686	3.286147137634627
breakout_1656253812_89b07dc8	1688	3.286383268237114
breakout_1656253812_89b07dc8	1691	3.5484739155836507
breakout_1656253812_89b07dc8	1693	3.5736168930607457
breakout_1656253812_89b07dc8	1696	3.0708637699274948
breakout_1656253812_89b07dc8	1698	3.0575408401160407
breakout_1656253812_89b07dc8	1701	3.293637149810791
breakout_1656253812_89b07dc8	1703	3.6210854947566986
breakout_1656253812_89b07dc8	1706	3.678622402288975
breakout_1656253812_89b07dc8	1709	3.6743574260193625
breakout_1656253812_89b07dc8	1711	3.5434301845298326
breakout_1656253812_89b07dc8	1714	3.6491043770566898
breakout_1656253812_89b07dc8	1716	3.8716147907318605
breakout_1656253812_89b07dc8	1719	3.5532813140715676
breakout_1656253812_89b07dc8	1721	3.6064461649105115
breakout_1656253812_89b07dc8	1724	3.6259295024733613
breakout_1656253812_89b07dc8	1726	3.6003383275624867
breakout_1656253812_89b07dc8	1729	3.655877381332161
breakout_1656253812_89b07dc8	1731	3.5848023542042435
breakout_1656253812_89b07dc8	1734	3.6055219458334102
breakout_1656253812_89b07dc8	1736	3.7634011254860806
breakout_1656253812_89b07dc8	1739	3.5346365001466538
breakout_1656253812_89b07dc8	1742	3.723003955448375
breakout_1656253812_89b07dc8	1744	3.6617826695243516
breakout_1656253812_89b07dc8	1747	3.8308494321324607
breakout_1656253812_89b07dc8	1749	3.8792173290252685
breakout_1656253812_89b07dc8	1752	3.552907407283783
breakout_1656253812_89b07dc8	1754	3.66142220445018
breakout_1656253812_89b07dc8	1757	3.566319076434986
breakout_1656253812_89b07dc8	1759	3.705982762713765
breakout_1656253812_89b07dc8	1762	3.6668629663961907
breakout_1656253812_89b07dc8	1764	3.7764798843860627
breakout_1656253812_89b07dc8	1767	3.81758809380415
breakout_1656253812_89b07dc8	1769	3.6996321428466485
breakout_1656253812_89b07dc8	1772	3.7096521332859993
breakout_1656253812_89b07dc8	1775	3.6071687458323782
breakout_1656253812_89b07dc8	1777	3.7215812112155713
breakout_1656253812_89b07dc8	1780	3.761344094581792
breakout_1656253812_89b07dc8	1782	3.786086507309648
breakout_1656253812_89b07dc8	1785	3.5563987965385118
breakout_1656253812_89b07dc8	1787	3.700986261367798
breakout_1656253812_89b07dc8	1790	3.6527994349598885
breakout_1656253812_89b07dc8	1792	3.9037186371352144
breakout_1656253812_89b07dc8	1795	3.801066197048534
breakout_1656253812_89b07dc8	1797	3.555026820727757
breakout_1656253812_89b07dc8	1800	3.6777095794677734
breakout_1656253812_89b07dc8	1802	3.7946423824797284
breakout_1656253812_89b07dc8	1805	3.873541156176863
breakout_1656253812_89b07dc8	1808	3.8162482073352595
breakout_1656253812_89b07dc8	1810	3.740268097983466
breakout_1656253812_89b07dc8	1813	3.607437135996642
breakout_1656253812_89b07dc8	1815	3.6584259694135643
breakout_1656253812_89b07dc8	1818	3.8174730828314116
breakout_1656253812_89b07dc8	1820	3.8419855113687187
breakout_1656253812_89b07dc8	1823	3.8350716908115987
breakout_1656253812_89b07dc8	1825	3.895507760750231
breakout_1656253812_89b07dc8	1828	3.895387123792599
breakout_1656253812_89b07dc8	1830	3.875157105388926
breakout_1656253812_89b07dc8	1833	3.6576901405532927
breakout_1656253812_89b07dc8	1835	3.7144353379373967
breakout_1656253812_89b07dc8	1838	3.7360444051631982
breakout_1656253812_89b07dc8	1841	3.7903369805392098
breakout_1656253812_89b07dc8	1843	3.687779388476893
breakout_1656253812_89b07dc8	1846	3.653700468351515
breakout_1656253812_89b07dc8	1848	3.842057761838359
breakout_1656253812_89b07dc8	1851	3.9522890612996857
breakout_1656253812_89b07dc8	1853	3.735875443408364
breakout_1656253812_89b07dc8	1856	3.854910681122228
breakout_1656253812_89b07dc8	1858	3.6769736380010216
breakout_1656253812_89b07dc8	1861	3.6417943571256175
breakout_1656253812_89b07dc8	1863	3.821168259802867
breakout_1656253812_89b07dc8	1866	4.034769782514283
breakout_1656253812_89b07dc8	1868	3.982252656618754
breakout_1656253812_89b07dc8	1871	3.893227143575681
breakout_1656253812_89b07dc8	1874	3.7212243585586546
breakout_1656253812_89b07dc8	1876	3.872481134007959
breakout_1656253812_89b07dc8	1879	4.025863372965863
breakout_1656253812_89b07dc8	1881	3.893666763305664
breakout_1656253812_89b07dc8	1884	3.736011905381174
breakout_1656253812_89b07dc8	1886	3.6130633237718164
breakout_1656253812_89b07dc8	1889	3.9831895583384744
breakout_1656253812_89b07dc8	1891	3.967576136191686
breakout_1656253812_89b07dc8	1894	3.8795649657646814
breakout_1656253812_89b07dc8	1896	3.8306909888780036
breakout_1656253812_89b07dc8	1899	3.784164167984187
breakout_1656253812_89b07dc8	1901	3.796249715426496
breakout_1656253812_89b07dc8	1904	3.837044942555169
breakout_1656253812_89b07dc8	1907	3.6569782566881464
breakout_1656253812_89b07dc8	1909	4.004595349664274
breakout_1656253812_89b07dc8	1912	3.6921213540163906
breakout_1656253812_89b07dc8	1914	3.779624831234967
breakout_1656253812_89b07dc8	1917	3.7692332641042845
breakout_1656253812_89b07dc8	1919	3.8453938724758387
breakout_1656253812_89b07dc8	1922	3.714584745679583
breakout_1656253812_89b07dc8	1924	3.7601369720824223
breakout_1656253812_89b07dc8	1927	4.04122353599457
breakout_1656253812_89b07dc8	1929	3.9430334822336834
breakout_1656253812_89b07dc8	1932	3.9092603959310215
breakout_1656253812_89b07dc8	1934	3.727121268131936
breakout_1656253812_89b07dc8	1937	3.6119258028737615
breakout_1656253812_89b07dc8	1940	3.819258179734735
breakout_1656253812_89b07dc8	1942	3.823522539515244
breakout_1656253812_89b07dc8	1945	3.7658877773363084
breakout_1656253812_89b07dc8	1947	3.85248845907358
breakout_1656253812_89b07dc8	1950	3.622214833227526
breakout_1656253812_89b07dc8	1952	3.754298810958862
breakout_1656253812_89b07dc8	1955	3.691579191889984
breakout_1656253812_89b07dc8	1957	3.7501781652140065
breakout_1656253812_89b07dc8	1960	3.7603204019608034
breakout_1656253812_89b07dc8	1962	3.9016093700490098
breakout_1656253812_89b07dc8	1965	3.752948893654731
breakout_1656253812_89b07dc8	1967	3.7856027921040853
breakout_1656253812_89b07dc8	1970	4.152613659699758
breakout_1656253812_89b07dc8	1973	3.7478227577908503
breakout_1656253812_89b07dc8	1975	3.932344630116322
breakout_1656253812_89b07dc8	1978	3.988930087444211
breakout_1656253812_89b07dc8	1980	3.9634247068315744
breakout_1656253812_89b07dc8	1983	3.964607487706577
breakout_1656253812_89b07dc8	1985	3.87864475620204
breakout_1656253812_89b07dc8	1988	3.8878770111597074
breakout_1656253812_89b07dc8	1990	4.0545100356460715
breakout_1656253812_89b07dc8	1993	3.9861686026508156
breakout_1656253812_89b07dc8	1995	3.8377000994152493
breakout_1656253812_89b07dc8	1998	3.843981130778441
breakout_1656253812_89b07dc8	2000	3.813211305001203
breakout_1656253812_89b07dc8	2003	3.7729116945980703
breakout_1656253812_89b07dc8	2006	3.8457147491221524
breakout_1656253812_89b07dc8	2008	4.031882251816234
breakout_1656253812_89b07dc8	2011	3.9086507201194762
breakout_1656253812_89b07dc8	2013	3.9648844303528956
breakout_1656253812_89b07dc8	2016	4.0719986373469945
breakout_1656253812_89b07dc8	2018	3.79646546938266
breakout_1656253812_89b07dc8	2021	3.7814828269389453
breakout_1656253812_89b07dc8	2023	3.759752291220206
breakout_1656253812_89b07dc8	2026	3.6754823025170857
breakout_1656253812_89b07dc8	2028	3.530020198715267
breakout_1656253812_89b07dc8	2031	3.879567826235736
breakout_1656253812_89b07dc8	2033	3.668478455623435
breakout_1656253812_89b07dc8	2036	3.9511157725796555
breakout_1656253812_89b07dc8	2039	3.860214988708496
breakout_1656253812_89b07dc8	2041	3.901120254453623
breakout_1656253812_89b07dc8	2044	3.7565685804576088
breakout_1656253812_89b07dc8	2046	3.70404465675354
breakout_1656253812_89b07dc8	2049	3.813076876824902
breakout_1656253812_89b07dc8	2051	3.689880722976593
breakout_1656253812_89b07dc8	2054	3.7667016182237
breakout_1656253812_89b07dc8	2056	3.698470201385155
breakout_1656253812_89b07dc8	2059	3.6962144223126496
breakout_1656253812_89b07dc8	2061	3.615460822137736
breakout_1656253812_89b07dc8	2064	3.7766382081641092
breakout_1656253812_89b07dc8	2066	3.756352268732511
breakout_1656253812_89b07dc8	2069	3.8479082969404894
breakout_1656253812_89b07dc8	2072	3.6479797107832774
breakout_1656253812_89b07dc8	2074	3.797304076533164
breakout_1656253812_89b07dc8	2077	3.9487994701708136
breakout_1656253812_89b07dc8	2079	3.670187833425882
breakout_1656253812_89b07dc8	2082	3.7442225515842438
breakout_1656253812_89b07dc8	2084	3.6328377138788457
breakout_1656253812_89b07dc8	2087	3.645592825669868
breakout_1656253812_89b07dc8	2089	3.775027103872107
breakout_1656253812_89b07dc8	2092	3.9777672988933754
breakout_1656253812_89b07dc8	2094	3.8756463354146935
breakout_1656253812_89b07dc8	2097	4.071365151015468
breakout_1656253812_89b07dc8	2099	3.9729499615902126
breakout_1656253812_89b07dc8	2102	4.013641787297798
breakout_1656253812_89b07dc8	2105	3.869389036357803
breakout_1656253812_89b07dc8	2107	4.0794368185315815
breakout_1656253812_89b07dc8	2110	3.937212801959417
breakout_1656253812_89b07dc8	2112	3.7572340903074846
breakout_1656253812_89b07dc8	2115	4.043356166779995
breakout_1656253812_89b07dc8	2117	3.9224481275004726
breakout_1656253812_89b07dc8	2120	4.018463405788454
breakout_1656253812_89b07dc8	2122	3.787698257116624
breakout_1656253812_89b07dc8	2125	3.9538868304454917
breakout_1656253812_89b07dc8	2127	3.8839721533987257
breakout_1656253812_89b07dc8	2130	4.020034867582969
breakout_1656253812_89b07dc8	2132	4.181513763923013
breakout_1656253812_89b07dc8	2135	3.9139346891236535
breakout_1656253812_89b07dc8	2137	4.0393744455801475
breakout_1656253812_89b07dc8	2140	4.0657597705721855
breakout_1656253812_89b07dc8	2143	4.354367123880694
breakout_1656253812_89b07dc8	2145	4.074548728125436
breakout_1656253812_89b07dc8	2148	3.9428259621495787
breakout_1656253812_89b07dc8	2150	3.9999839241440234
breakout_1656253812_89b07dc8	2153	3.9047568197603577
breakout_1656253812_89b07dc8	2155	4.322328542218064
breakout_1656253812_89b07dc8	2158	3.9392671832790622
breakout_1656253812_89b07dc8	2160	4.152916318410403
breakout_1656253812_89b07dc8	2163	4.103798404761723
breakout_1656253812_89b07dc8	2165	3.996190104045366
breakout_1656253812_89b07dc8	2168	4.170895500552087
breakout_1656253812_89b07dc8	2170	4.1554337628879905
breakout_1656253812_89b07dc8	2173	3.8691286702794354
breakout_1656253812_89b07dc8	2176	3.9645111752836497
breakout_1656253812_89b07dc8	2178	3.9889022337762934
breakout_1656253812_89b07dc8	2181	3.8901868722655557
breakout_1656253812_89b07dc8	2183	4.227515194886997
breakout_1656253812_89b07dc8	2186	4.0717274904251095
breakout_1656253812_89b07dc8	2188	4.165867966713665
breakout_1656253812_89b07dc8	2191	4.044064788953633
breakout_1656253812_89b07dc8	2193	4.191563117198455
breakout_1656253812_89b07dc8	2196	4.000373717068004
breakout_1656253812_89b07dc8	2198	4.0667427611750595
breakout_1656253812_89b07dc8	2201	3.8581421398764175
breakout_1656253812_89b07dc8	2203	3.9942733854860872
breakout_1656253812_89b07dc8	2206	4.083481614654128
breakout_1656253812_89b07dc8	2209	4.109583205887765
breakout_1656253812_89b07dc8	2211	3.866690680301389
breakout_1656253812_89b07dc8	2214	4.12166942358017
breakout_1656253812_89b07dc8	2216	4.0612004133592166
breakout_1656253812_89b07dc8	2219	3.96152742467028
breakout_1656253812_89b07dc8	2221	4.117372923186331
breakout_1656253812_89b07dc8	2224	4.0000861679635396
breakout_1656253812_89b07dc8	2226	4.182126401944925
breakout_1656253812_89b07dc8	2229	3.9431857732856797
breakout_1656253812_89b07dc8	2231	3.988452721100587
breakout_1656253812_89b07dc8	2234	3.792704572140331
breakout_1656253812_89b07dc8	2236	3.886095704648319
breakout_1656253812_89b07dc8	2239	4.058448848610153
breakout_1656253812_89b07dc8	2242	4.099277745274937
breakout_1656253812_89b07dc8	2244	3.765905882142911
breakout_1656253812_89b07dc8	2247	3.904681078898601
breakout_1656253812_89b07dc8	2249	3.926434144545137
breakout_1656253812_89b07dc8	2252	3.828295057018598
breakout_1656253812_89b07dc8	2254	3.8901584708450625
breakout_1656253812_89b07dc8	2257	3.908152611599755
breakout_1656253812_89b07dc8	2259	3.799499006321033
breakout_1656253812_89b07dc8	2262	4.027135040586358
breakout_1656253812_89b07dc8	2264	3.8880097547242807
breakout_1656253812_89b07dc8	2267	3.7314673452842526
breakout_1656253812_89b07dc8	2269	3.8184637867343363
breakout_1656253812_89b07dc8	2272	3.955456408587369
breakout_1656253812_89b07dc8	2275	4.025293019880731
breakout_1656253812_89b07dc8	2277	4.003065624237061
breakout_1656253812_89b07dc8	2280	3.981429609385404
breakout_1656253812_89b07dc8	2282	4.2627604280199325
breakout_1656253812_89b07dc8	2285	4.0521911018034995
breakout_1656253812_89b07dc8	2287	3.729812614572873
breakout_1656253812_89b07dc8	2290	3.793919700589673
breakout_1656253812_89b07dc8	2292	3.8537718113078627
breakout_1656253812_89b07dc8	2295	3.950459059327841
breakout_1656253812_89b07dc8	2297	3.9726227048843628
breakout_1656253812_89b07dc8	2300	4.026005381529552
breakout_1656253812_89b07dc8	2302	3.8942578905945893
breakout_1656253812_89b07dc8	2305	3.9755594662257603
breakout_1656253812_89b07dc8	2308	4.133537645071325
breakout_1656253812_89b07dc8	2310	3.8466507150576663
breakout_1656253812_89b07dc8	2313	3.9982495549562813
breakout_1656253812_89b07dc8	2315	4.068467819172403
breakout_1656253812_89b07dc8	2318	3.8352580070495605
breakout_1656253812_89b07dc8	2320	3.9264721479572233
breakout_1656253812_89b07dc8	2323	4.100840125765119
breakout_1656253812_89b07dc8	2325	3.900971813435935
breakout_1656253812_89b07dc8	2328	3.8988750450254424
breakout_1656253812_89b07dc8	2330	3.870361265928849
breakout_1656253812_89b07dc8	2333	3.923991196191133
breakout_1656253812_89b07dc8	2335	3.9918137737682886
breakout_1656253812_89b07dc8	2338	4.002204481021378
breakout_1656253812_89b07dc8	2341	3.9908623659431037
breakout_1656253812_89b07dc8	2343	4.044376709586696
breakout_1656253812_89b07dc8	2346	3.9591439456650703
breakout_1656253812_89b07dc8	2348	4.084873118490543
breakout_1656253812_89b07dc8	2351	4.1424194212201275
breakout_1656253812_89b07dc8	2353	4.088246959419066
breakout_1656253812_89b07dc8	2356	3.9373235350445763
breakout_1656253812_89b07dc8	2358	4.054661769808436
breakout_1656253812_89b07dc8	2361	3.9834082534958646
breakout_1656253812_89b07dc8	2363	4.007808977762858
breakout_1656253812_89b07dc8	2366	4.06135427066258
breakout_1656253812_89b07dc8	2368	4.234775343537331
breakout_1656253812_89b07dc8	2371	3.8860766220900973
breakout_1656253812_89b07dc8	2374	3.933078709036805
breakout_1656253812_89b07dc8	2376	4.0962155602195045
breakout_1656253812_89b07dc8	2379	4.071637957184403
breakout_1656253812_89b07dc8	2381	4.105167621519508
breakout_1656253812_89b07dc8	2384	4.0032954504995635
breakout_1656253812_89b07dc8	2386	4.09942922164809
breakout_1656253812_89b07dc8	2389	4.028372427901706
breakout_1656253812_89b07dc8	2391	4.012667771541711
breakout_1656253812_89b07dc8	2394	4.044174754279
breakout_1656253812_89b07dc8	2396	4.050233508371244
breakout_1656253812_89b07dc8	2399	4.175487936542021
breakout_1656253812_89b07dc8	2401	3.9949329445481965
breakout_1656253812_89b07dc8	2404	4.076592572649619
breakout_1656253812_89b07dc8	2407	4.084547629467276
breakout_1656253812_89b07dc8	2409	3.9240173238222718
breakout_1656253812_89b07dc8	2412	4.284084765698897
breakout_1656253812_89b07dc8	2414	4.230409746459036
breakout_1656253812_89b07dc8	2417	4.118380031934598
breakout_1656253812_89b07dc8	2419	4.130543298535533
breakout_1656253812_89b07dc8	2422	4.314562710126241
breakout_1656253812_89b07dc8	2424	4.049984166496678
breakout_1656253812_89b07dc8	2427	4.220257169821045
breakout_1656253812_89b07dc8	2429	4.095603512681049
breakout_1656253812_89b07dc8	2432	4.161716494007387
breakout_1656253812_89b07dc8	2434	4.155033880028843
breakout_1656253812_89b07dc8	2437	4.031605617797121
breakout_1656253812_89b07dc8	2440	4.095567951768132
breakout_1656253812_89b07dc8	2442	4.081912347000011
breakout_1656253812_89b07dc8	2445	3.875763960533741
breakout_1656253812_89b07dc8	2447	4.204079020974095
breakout_1656253812_89b07dc8	2450	4.288105433950057
breakout_1656253812_89b07dc8	2452	4.240765593449274
breakout_1656253812_89b07dc8	2455	4.175215921094341
breakout_1656253812_89b07dc8	2457	4.214669395324796
breakout_1656253812_89b07dc8	2460	4.365859584648068
breakout_1656253812_89b07dc8	2462	4.401948970097762
breakout_1656253812_89b07dc8	2465	4.069835286799485
breakout_1656253812_89b07dc8	2467	4.148825552271701
breakout_1656253812_89b07dc8	2470	4.330412624666355
breakout_1656253812_89b07dc8	2473	4.099549552141609
breakout_1656253812_89b07dc8	2475	4.112417087680968
breakout_1656253812_89b07dc8	2478	4.441986069808135
breakout_1656253812_89b07dc8	2480	4.280733407848943
breakout_1656253812_89b07dc8	2483	4.507472522276685
breakout_1656253812_89b07dc8	2485	4.493331636082043
breakout_1656253812_89b07dc8	2488	4.385078647468664
breakout_1656253812_89b07dc8	2490	4.162850060014644
breakout_1656253812_89b07dc8	2493	4.252220687248724
breakout_1656253812_89b07dc8	2495	4.202261686325073
breakout_1656253812_89b07dc8	2498	4.396377210617065
breakout_1656253812_89b07dc8	2500	4.348366325264735
breakout_1656253812_89b07dc8	2503	4.474665939807892
breakout_1656253812_89b07dc8	2506	4.24864454608146
breakout_1656253812_89b07dc8	2508	4.349936823050181
breakout_1656253812_89b07dc8	2511	4.196694281075027
breakout_1656253812_89b07dc8	2513	4.188418152498051
breakout_1656253812_89b07dc8	2516	4.2437071193728535
breakout_1656253812_89b07dc8	2518	4.369528832463171
breakout_1656253812_89b07dc8	2521	4.379880903484104
breakout_1656253812_89b07dc8	2523	4.272374651498264
breakout_1656253812_89b07dc8	2526	4.333529185604405
breakout_1656253812_89b07dc8	2528	4.205880520078871
breakout_1656253812_89b07dc8	2531	4.278045500739146
breakout_1656253812_89b07dc8	2533	4.24311398524864
breakout_1656253812_89b07dc8	2536	4.293466290029196