run_id	step	epsilon
breakout_1656253812_89b07dc8	0	1
breakout_1656253812_89b07dc8	3	1
breakout_1656253812_89b07dc8	6	1
breakout_1656253812_89b07dc8	8	0.99
breakout_1656253812_89b07dc8	11	0.99
breakout_1656253812_89b07dc8	13	0.99
breakout_1656253812_89b07dc8	16	0.99
breakout_1656253812_89b07dc8	18	0.99
breakout_1656253812_89b07dc8	21	0.99
breakout_1656253812_89b07dc8	23	0.99
breakout_1656253812_89b07dc8	26	0.99
breakout_1656253812_89b07dc8	28	0.9801
breakout_1656253812_89b07dc8	31	0.9801
breakout_1656253812_89b07dc8	33	0.9801
breakout_1656253812_89b07dc8	36	0.9801
breakout_1656253812_89b07dc8	39	0.9801
breakout_1656253812_89b07dc8	41	0.9801
breakout_1656253812_89b07dc8	44	0.9702989999999999
breakout_1656253812_89b07dc8	46	0.9702989999999999
breakout_1656253812_89b07dc8	49	0.9702989999999999
breakout_1656253812_89b07dc8	51	0.9702989999999999
breakout_1656253812_89b07dc8	54	0.9702989999999999
breakout_1656253812_89b07dc8	56	0.96059601
breakout_1656253812_89b07dc8	59	0.96059601
breakout_1656253812_89b07dc8	61	0.96059601
breakout_1656253812_89b07dc8	64	0.9509900498999999
breakout_1656253812_89b07dc8	66	0.9509900498999999
breakout_1656253812_89b07dc8	69	0.9509900498999999
breakout_1656253812_89b07dc8	72	0.9414801494009999
breakout_1656253812_89b07dc8	74	0.9414801494009999
breakout_1656253812_89b07dc8	77	0.9414801494009999
breakout_1656253812_89b07dc8	79	0.8179069375972307
breakout_1656253812_89b07dc8	82	0.8179069375972307
breakout_1656253812_89b07dc8	84	0.8179069375972307
breakout_1656253812_89b07dc8	87	0.8179069375972307
breakout_1656253812_89b07dc8	89	0.8179069375972307
breakout_1656253812_89b07dc8	92	0.8179069375972307
breakout_1656253812_89b07dc8	94	0.8179069375972307
breakout_1656253812_89b07dc8	97	0.8097278682212583
breakout_1656253812_89b07dc8	99	0.8097278682212583
breakout_1656253812_89b07dc8	102	0.8097278682212583
breakout_1656253812_89b07dc8	105	0.8097278682212583
breakout_1656253812_89b07dc8	107	0.8097278682212583
breakout_1656253812_89b07dc8	110	0.8016305895390458
breakout_1656253812_89b07dc8	112	0.8016305895390458
breakout_1656253812_89b07dc8	115	0.8016305895390458
breakout_1656253812_89b07dc8	117	0.8016305895390458
breakout_1656253812_89b07dc8	120	0.8016305895390458
breakout_1656253812_89b07dc8	122	0.7936142836436553
breakout_1656253812_89b07dc8	125	0.7936142836436553
breakout_1656253812_89b07dc8	127	0.7936142836436553
breakout_1656253812_89b07dc8	130	0.7936142836436553
breakout_1656253812_89b07dc8	132	0.7936142836436553
breakout_1656253812_89b07dc8	135	0.7936142836436553
breakout_1656253812_89b07dc8	138	0.7936142836436553
breakout_1656253812_89b07dc8	140	0.7936142836436553
breakout_1656253812_89b07dc8	143	0.7856781408072188
breakout_1656253812_89b07dc8	145	0.7856781408072188
breakout_1656253812_89b07dc8	148	0.7856781408072188
breakout_1656253812_89b07dc8	150	0.6894490858690777
breakout_1656253812_89b07dc8	153	0.682554595010387
breakout_1656253812_89b07dc8	155	0.682554595010387
breakout_1656253812_89b07dc8	158	0.682554595010387
breakout_1656253812_89b07dc8	160	0.682554595010387
breakout_1656253812_89b07dc8	163	0.682554595010387
breakout_1656253812_89b07dc8	165	0.682554595010387
breakout_1656253812_89b07dc8	168	0.6757290490602831
breakout_1656253812_89b07dc8	171	0.6757290490602831
breakout_1656253812_89b07dc8	173	0.6757290490602831
breakout_1656253812_89b07dc8	176	0.6757290490602831
breakout_1656253812_89b07dc8	178	0.6757290490602831
breakout_1656253812_89b07dc8	181	0.6689717585696803
breakout_1656253812_89b07dc8	183	0.6689717585696803
breakout_1656253812_89b07dc8	186	0.6689717585696803
breakout_1656253812_89b07dc8	188	0.6689717585696803
breakout_1656253812_89b07dc8	191	0.6689717585696803
breakout_1656253812_89b07dc8	193	0.6689717585696803
breakout_1656253812_89b07dc8	196	0.6622820409839835
breakout_1656253812_89b07dc8	198	0.6556592205741436
breakout_1656253812_89b07dc8	201	0.6556592205741436
breakout_1656253812_89b07dc8	204	0.6556592205741436
breakout_1656253812_89b07dc8	206	0.6556592205741436
breakout_1656253812_89b07dc8	209	0.6556592205741436
breakout_1656253812_89b07dc8	211	0.6491026283684022
breakout_1656253812_89b07dc8	214	0.6491026283684022
breakout_1656253812_89b07dc8	216	0.6491026283684022
breakout_1656253812_89b07dc8	219	0.6491026283684022
breakout_1656253812_89b07dc8	221	0.6491026283684022
breakout_1656253812_89b07dc8	224	0.6491026283684022
breakout_1656253812_89b07dc8	226	0.6426116020847181
breakout_1656253812_89b07dc8	229	0.6426116020847181
breakout_1656253812_89b07dc8	231	0.6426116020847181
breakout_1656253812_89b07dc8	234	0.6426116020847181
breakout_1656253812_89b07dc8	237	0.6426116020847181
breakout_1656253812_89b07dc8	239	0.6426116020847181
breakout_1656253812_89b07dc8	242	0.6361854860638709
breakout_1656253812_89b07dc8	244	0.6361854860638709
breakout_1656253812_89b07dc8	247	0.6361854860638709
breakout_1656253812_89b07dc8	249	0.6361854860638709
breakout_1656253812_89b07dc8	252	0.6361854860638709
breakout_1656253812_89b07dc8	254	0.6298236312032323
breakout_1656253812_89b07dc8	257	0.6298236312032323
breakout_1656253812_89b07dc8	259	0.6298236312032323
breakout_1656253812_89b07dc8	262	0.6298236312032323
breakout_1656253812_89b07dc8	264	0.6235253948912
breakout_1656253812_89b07dc8	267	0.6235253948912
breakout_1656253812_89b07dc8	270	0.6235253948912
breakout_1656253812_89b07dc8	272	0.6235253948912
breakout_1656253812_89b07dc8	275	0.617290140942288
breakout_1656253812_89b07dc8	277	0.617290140942288
breakout_1656253812_89b07dc8	280	0.617290140942288
breakout_1656253812_89b07dc8	282	0.6111172395328651
breakout_1656253812_89b07dc8	285	0.6111172395328651
breakout_1656253812_89b07dc8	287	0.6111172395328651
breakout_1656253812_89b07dc8	290	0.6111172395328651
breakout_1656253812_89b07dc8	292	0.6050060671375365
breakout_1656253812_89b07dc8	295	0.6050060671375365
breakout_1656253812_89b07dc8	297	0.5989560064661611
breakout_1656253812_89b07dc8	300	0.5989560064661611
breakout_1656253812_89b07dc8	303	0.5989560064661611
breakout_1656253812_89b07dc8	305	0.5929664464014994
breakout_1656253812_89b07dc8	308	0.5929664464014994
breakout_1656253812_89b07dc8	310	0.5929664464014994
breakout_1656253812_89b07dc8	313	0.5929664464014994
breakout_1656253812_89b07dc8	315	0.5929664464014994
breakout_1656253812_89b07dc8	318	0.5870367819374844
breakout_1656253812_89b07dc8	320	0.5870367819374844
breakout_1656253812_89b07dc8	323	0.5870367819374844
breakout_1656253812_89b07dc8	325	0.5870367819374844
breakout_1656253812_89b07dc8	328	0.5870367819374844
breakout_1656253812_89b07dc8	330	0.5811664141181095
breakout_1656253812_89b07dc8	333	0.5811664141181095
breakout_1656253812_89b07dc8	336	0.5811664141181095
breakout_1656253812_89b07dc8	338	0.5811664141181095
breakout_1656253812_89b07dc8	341	0.5753547499769285
breakout_1656253812_89b07dc8	343	0.5753547499769285
breakout_1656253812_89b07dc8	346	0.5753547499769285
breakout_1656253812_89b07dc8	348	0.5753547499769285
breakout_1656253812_89b07dc8	351	0.5753547499769285
breakout_1656253812_89b07dc8	353	0.5696012024771592
breakout_1656253812_89b07dc8	356	0.5696012024771592
breakout_1656253812_89b07dc8	358	0.5696012024771592
breakout_1656253812_89b07dc8	361	0.5696012024771592
breakout_1656253812_89b07dc8	363	0.5696012024771592
breakout_1656253812_89b07dc8	366	0.5639051904523876
breakout_1656253812_89b07dc8	369	0.5639051904523876
breakout_1656253812_89b07dc8	371	0.5582661385478638
breakout_1656253812_89b07dc8	374	0.5582661385478638
breakout_1656253812_89b07dc8	376	0.5582661385478638
breakout_1656253812_89b07dc8	379	0.5582661385478638
breakout_1656253812_89b07dc8	381	0.5526834771623851
breakout_1656253812_89b07dc8	384	0.5526834771623851
breakout_1656253812_89b07dc8	386	0.5526834771623851
breakout_1656253812_89b07dc8	389	0.5526834771623851
breakout_1656253812_89b07dc8	391	0.5526834771623851
breakout_1656253812_89b07dc8	394	0.5526834771623851
breakout_1656253812_89b07dc8	396	0.5471566423907612
breakout_1656253812_89b07dc8	399	0.5471566423907612
breakout_1656253812_89b07dc8	402	0.5471566423907612
breakout_1656253812_89b07dc8	404	0.5416850759668536
breakout_1656253812_89b07dc8	407	0.475340042005707
breakout_1656253812_89b07dc8	409	0.47058664158564995
breakout_1656253812_89b07dc8	412	0.47058664158564995
breakout_1656253812_89b07dc8	414	0.4658807751697934
breakout_1656253812_89b07dc8	417	0.4658807751697934
breakout_1656253812_89b07dc8	419	0.4658807751697934
breakout_1656253812_89b07dc8	422	0.4658807751697934
breakout_1656253812_89b07dc8	424	0.4658807751697934
breakout_1656253812_89b07dc8	427	0.4658807751697934
breakout_1656253812_89b07dc8	429	0.4612219674180955
breakout_1656253812_89b07dc8	432	0.4612219674180955
breakout_1656253812_89b07dc8	434	0.4612219674180955
breakout_1656253812_89b07dc8	437	0.45660974774391455
breakout_1656253812_89b07dc8	440	0.45660974774391455
breakout_1656253812_89b07dc8	442	0.45660974774391455
breakout_1656253812_89b07dc8	445	0.4520436502664754
breakout_1656253812_89b07dc8	447	0.4520436502664754
breakout_1656253812_89b07dc8	450	0.4520436502664754
breakout_1656253812_89b07dc8	452	0.4520436502664754
breakout_1656253812_89b07dc8	455	0.4520436502664754
breakout_1656253812_89b07dc8	457	0.44752321376381066
breakout_1656253812_89b07dc8	460	0.44752321376381066
breakout_1656253812_89b07dc8	462	0.44752321376381066
breakout_1656253812_89b07dc8	465	0.44752321376381066
breakout_1656253812_89b07dc8	467	0.44752321376381066
breakout_1656253812_89b07dc8	470	0.44752321376381066
breakout_1656253812_89b07dc8	473	0.44752321376381066
breakout_1656253812_89b07dc8	475	0.44752321376381066
breakout_1656253812_89b07dc8	478	0.4386175018099108
breakout_1656253812_89b07dc8	480	0.4386175018099108
breakout_1656253812_89b07dc8	483	0.4386175018099108
breakout_1656253812_89b07dc8	485	0.4386175018099108
breakout_1656253812_89b07dc8	488	0.4342313267918117
breakout_1656253812_89b07dc8	490	0.4342313267918117
breakout_1656253812_89b07dc8	493	0.4342313267918117
breakout_1656253812_89b07dc8	495	0.4342313267918117
breakout_1656253812_89b07dc8	498	0.4342313267918117
breakout_1656253812_89b07dc8	500	0.4298890135238936
breakout_1656253812_89b07dc8	503	0.4298890135238936
breakout_1656253812_89b07dc8	506	0.4298890135238936
breakout_1656253812_89b07dc8	508	0.4298890135238936
breakout_1656253812_89b07dc8	511	0.4298890135238936
breakout_1656253812_89b07dc8	513	0.42559012338865465
breakout_1656253812_89b07dc8	516	0.42559012338865465
breakout_1656253812_89b07dc8	518	0.42559012338865465
breakout_1656253812_89b07dc8	521	0.42559012338865465
breakout_1656253812_89b07dc8	523	0.42559012338865465
breakout_1656253812_89b07dc8	526	0.4213342221547681
breakout_1656253812_89b07dc8	528	0.4213342221547681
breakout_1656253812_89b07dc8	531	0.4213342221547681
breakout_1656253812_89b07dc8	533	0.4213342221547681
breakout_1656253812_89b07dc8	536	0.4213342221547681
breakout_1656253812_89b07dc8	539	0.4213342221547681
breakout_1656253812_89b07dc8	541	0.41712087993322045
breakout_1656253812_89b07dc8	544	0.41712087993322045
breakout_1656253812_89b07dc8	546	0.41712087993322045
breakout_1656253812_89b07dc8	549	0.41712087993322045
breakout_1656253812_89b07dc8	551	0.41712087993322045
breakout_1656253812_89b07dc8	554	0.41712087993322045
breakout_1656253812_89b07dc8	556	0.41294967113388825
breakout_1656253812_89b07dc8	559	0.41294967113388825
breakout_1656253812_89b07dc8	561	0.4047319726783239
breakout_1656253812_89b07dc8	564	0.4047319726783239
breakout_1656253812_89b07dc8	566	0.4047319726783239
breakout_1656253812_89b07dc8	569	0.4047319726783239
breakout_1656253812_89b07dc8	572	0.4047319726783239
breakout_1656253812_89b07dc8	574	0.4047319726783239
breakout_1656253812_89b07dc8	577	0.40068465295154065
breakout_1656253812_89b07dc8	579	0.40068465295154065
breakout_1656253812_89b07dc8	582	0.40068465295154065
breakout_1656253812_89b07dc8	584	0.40068465295154065
breakout_1656253812_89b07dc8	587	0.39667780642202527
breakout_1656253812_89b07dc8	589	0.39667780642202527
breakout_1656253812_89b07dc8	592	0.39667780642202527
breakout_1656253812_89b07dc8	594	0.39667780642202527
breakout_1656253812_89b07dc8	597	0.39667780642202527
breakout_1656253812_89b07dc8	599	0.392711028357805
breakout_1656253812_89b07dc8	602	0.392711028357805
breakout_1656253812_89b07dc8	605	0.392711028357805
breakout_1656253812_89b07dc8	607	0.392711028357805
breakout_1656253812_89b07dc8	610	0.38878391807422696
breakout_1656253812_89b07dc8	612	0.38878391807422696
breakout_1656253812_89b07dc8	615	0.38878391807422696
breakout_1656253812_89b07dc8	617	0.38878391807422696
breakout_1656253812_89b07dc8	620	0.3848960788934847
breakout_1656253812_89b07dc8	622	0.3848960788934847
breakout_1656253812_89b07dc8	625	0.38104711810454983
breakout_1656253812_89b07dc8	627	0.38104711810454983
breakout_1656253812_89b07dc8	630	0.38104711810454983
breakout_1656253812_89b07dc8	632	0.37723664692350434
breakout_1656253812_89b07dc8	635	0.37723664692350434
breakout_1656253812_89b07dc8	638	0.37723664692350434
breakout_1656253812_89b07dc8	640	0.37723664692350434
breakout_1656253812_89b07dc8	643	0.37346428045426927
breakout_1656253812_89b07dc8	645	0.3277227574378037
breakout_1656253812_89b07dc8	648	0.3277227574378037
breakout_1656253812_89b07dc8	650	0.3244455298634257
breakout_1656253812_89b07dc8	653	0.3244455298634257
breakout_1656253812_89b07dc8	655	0.3212010745647914
breakout_1656253812_89b07dc8	658	0.3212010745647914
breakout_1656253812_89b07dc8	660	0.3212010745647914
breakout_1656253812_89b07dc8	663	0.3179890638191435
breakout_1656253812_89b07dc8	665	0.31480917318095203
breakout_1656253812_89b07dc8	668	0.31480917318095203
breakout_1656253812_89b07dc8	671	0.31480917318095203
breakout_1656253812_89b07dc8	673	0.31480917318095203
breakout_1656253812_89b07dc8	676	0.31480917318095203
breakout_1656253812_89b07dc8	678	0.31480917318095203
breakout_1656253812_89b07dc8	681	0.3116610814491425
breakout_1656253812_89b07dc8	683	0.3116610814491425
breakout_1656253812_89b07dc8	686	0.3116610814491425
breakout_1656253812_89b07dc8	688	0.30854447063465107
breakout_1656253812_89b07dc8	691	0.30854447063465107
breakout_1656253812_89b07dc8	693	0.30854447063465107
breakout_1656253812_89b07dc8	696	0.30854447063465107
breakout_1656253812_89b07dc8	698	0.30854447063465107
breakout_1656253812_89b07dc8	701	0.30545902592830454
breakout_1656253812_89b07dc8	704	0.30545902592830454
breakout_1656253812_89b07dc8	706	0.30545902592830454
breakout_1656253812_89b07dc8	709	0.3024044356690215
breakout_1656253812_89b07dc8	711	0.3024044356690215
breakout_1656253812_89b07dc8	714	0.3024044356690215
breakout_1656253812_89b07dc8	716	0.29938039131233124
breakout_1656253812_89b07dc8	719	0.29938039131233124
breakout_1656253812_89b07dc8	721	0.29938039131233124
breakout_1656253812_89b07dc8	724	0.29938039131233124
breakout_1656253812_89b07dc8	726	0.29938039131233124
breakout_1656253812_89b07dc8	729	0.29938039131233124
breakout_1656253812_89b07dc8	731	0.2963865873992079
breakout_1656253812_89b07dc8	734	0.2963865873992079
breakout_1656253812_89b07dc8	737	0.2963865873992079
breakout_1656253812_89b07dc8	739	0.2963865873992079
breakout_1656253812_89b07dc8	742	0.29342272152521587
breakout_1656253812_89b07dc8	744	0.29342272152521587
breakout_1656253812_89b07dc8	747	0.29342272152521587
breakout_1656253812_89b07dc8	749	0.29342272152521587
breakout_1656253812_89b07dc8	752	0.2904884943099637
breakout_1656253812_89b07dc8	754	0.2904884943099637
breakout_1656253812_89b07dc8	757	0.28758360936686406
breakout_1656253812_89b07dc8	759	0.28758360936686406
breakout_1656253812_89b07dc8	762	0.2847077732731954
breakout_1656253812_89b07dc8	764	0.2847077732731954
breakout_1656253812_89b07dc8	767	0.2847077732731954
breakout_1656253812_89b07dc8	770	0.28186069554046345
breakout_1656253812_89b07dc8	772	0.2790420885850588
breakout_1656253812_89b07dc8	775	0.2790420885850588
breakout_1656253812_89b07dc8	777	0.2762516676992082
breakout_1656253812_89b07dc8	780	0.2762516676992082
breakout_1656253812_89b07dc8	782	0.27348915102221616
breakout_1656253812_89b07dc8	785	0.27348915102221616
breakout_1656253812_89b07dc8	787	0.27348915102221616
breakout_1656253812_89b07dc8	790	0.27348915102221616
breakout_1656253812_89b07dc8	792	0.270754259511994
breakout_1656253812_89b07dc8	795	0.270754259511994
breakout_1656253812_89b07dc8	797	0.26804671691687404
breakout_1656253812_89b07dc8	800	0.26804671691687404
breakout_1656253812_89b07dc8	803	0.26804671691687404
breakout_1656253812_89b07dc8	805	0.2653662497477053
breakout_1656253812_89b07dc8	808	0.2653662497477053
breakout_1656253812_89b07dc8	810	0.2627125872502282
breakout_1656253812_89b07dc8	813	0.2627125872502282
breakout_1656253812_89b07dc8	815	0.2627125872502282
breakout_1656253812_89b07dc8	818	0.2600854613777259
breakout_1656253812_89b07dc8	820	0.2600854613777259
breakout_1656253812_89b07dc8	823	0.2600854613777259
breakout_1656253812_89b07dc8	825	0.2574846067639487
breakout_1656253812_89b07dc8	828	0.2549097606963092
breakout_1656253812_89b07dc8	830	0.2549097606963092
breakout_1656253812_89b07dc8	833	0.2549097606963092
breakout_1656253812_89b07dc8	836	0.2549097606963092
breakout_1656253812_89b07dc8	838	0.2549097606963092
breakout_1656253812_89b07dc8	841	0.2523606630893461
breakout_1656253812_89b07dc8	843	0.2523606630893461
breakout_1656253812_89b07dc8	846	0.2523606630893461
breakout_1656253812_89b07dc8	848	0.2523606630893461
breakout_1656253812_89b07dc8	851	0.2523606630893461
breakout_1656253812_89b07dc8	853	0.2523606630893461
breakout_1656253812_89b07dc8	856	0.24983705645845267
breakout_1656253812_89b07dc8	858	0.24983705645845267
breakout_1656253812_89b07dc8	861	0.24983705645845267
breakout_1656253812_89b07dc8	863	0.24733868589386815
breakout_1656253812_89b07dc8	866	0.24733868589386815
breakout_1656253812_89b07dc8	868	0.24733868589386815
breakout_1656253812_89b07dc8	871	0.24733868589386815
breakout_1656253812_89b07dc8	874	0.24733868589386815
breakout_1656253812_89b07dc8	876	0.24733868589386815
breakout_1656253812_89b07dc8	879	0.24733868589386815
breakout_1656253812_89b07dc8	881	0.24486529903492946
breakout_1656253812_89b07dc8	884	0.24486529903492946
breakout_1656253812_89b07dc8	886	0.24486529903492946
breakout_1656253812_89b07dc8	889	0.24241664604458016
breakout_1656253812_89b07dc8	891	0.24241664604458016
breakout_1656253812_89b07dc8	894	0.24241664604458016
breakout_1656253812_89b07dc8	896	0.23999247958413436
breakout_1656253812_89b07dc8	899	0.23999247958413436
breakout_1656253812_89b07dc8	901	0.23759255478829303
breakout_1656253812_89b07dc8	904	0.23759255478829303
breakout_1656253812_89b07dc8	907	0.23759255478829303
breakout_1656253812_89b07dc8	909	0.2352166292404101
breakout_1656253812_89b07dc8	912	0.2352166292404101
breakout_1656253812_89b07dc8	914	0.232864462948006
breakout_1656253812_89b07dc8	917	0.23053581831852593
breakout_1656253812_89b07dc8	919	0.22823046013534068
breakout_1656253812_89b07dc8	922	0.22823046013534068
breakout_1656253812_89b07dc8	924	0.22823046013534068
breakout_1656253812_89b07dc8	927	0.22823046013534068
breakout_1656253812_89b07dc8	929	0.22823046013534068
breakout_1656253812_89b07dc8	932	0.22594815553398728
breakout_1656253812_89b07dc8	934	0.22594815553398728
breakout_1656253812_89b07dc8	937	0.22368867397864742
breakout_1656253812_89b07dc8	940	0.22368867397864742
breakout_1656253812_89b07dc8	942	0.22145178723886094
breakout_1656253812_89b07dc8	945	0.22145178723886094
breakout_1656253812_89b07dc8	947	0.22145178723886094
breakout_1656253812_89b07dc8	950	0.22145178723886094
breakout_1656253812_89b07dc8	952	0.21923726936647234
breakout_1656253812_89b07dc8	955	0.2170448966728076
breakout_1656253812_89b07dc8	957	0.2170448966728076
breakout_1656253812_89b07dc8	960	0.2170448966728076
breakout_1656253812_89b07dc8	962	0.2170448966728076
breakout_1656253812_89b07dc8	965	0.2170448966728076
breakout_1656253812_89b07dc8	967	0.21487444770607952
breakout_1656253812_89b07dc8	970	0.21487444770607952
breakout_1656253812_89b07dc8	973	0.21487444770607952
breakout_1656253812_89b07dc8	975	0.18667127671570335
breakout_1656253812_89b07dc8	978	0.18480456394854633
breakout_1656253812_89b07dc8	980	0.18480456394854633
breakout_1656253812_89b07dc8	983	0.18295651830906087
breakout_1656253812_89b07dc8	985	0.18295651830906087
breakout_1656253812_89b07dc8	988	0.18112695312597027
breakout_1656253812_89b07dc8	990	0.17931568359471056
breakout_1656253812_89b07dc8	993	0.17931568359471056
breakout_1656253812_89b07dc8	995	0.17931568359471056
breakout_1656253812_89b07dc8	998	0.17931568359471056
breakout_1656253812_89b07dc8	1000	0.17931568359471056
breakout_1656253812_89b07dc8	1003	0.17931568359471056
breakout_1656253812_89b07dc8	1006	0.17752252675876345
breakout_1656253812_89b07dc8	1008	0.17752252675876345
breakout_1656253812_89b07dc8	1011	0.17752252675876345
breakout_1656253812_89b07dc8	1013	0.17752252675876345
breakout_1656253812_89b07dc8	1016	0.17574730149117582
breakout_1656253812_89b07dc8	1018	0.17574730149117582
breakout_1656253812_89b07dc8	1021	0.17398982847626407
breakout_1656253812_89b07dc8	1023	0.17398982847626407
breakout_1656253812_89b07dc8	1026	0.17398982847626407
breakout_1656253812_89b07dc8	1028	0.17398982847626407
breakout_1656253812_89b07dc8	1031	0.17224993019150142
breakout_1656253812_89b07dc8	1033	0.1705274308895864
breakout_1656253812_89b07dc8	1036	0.1705274308895864
breakout_1656253812_89b07dc8	1039	0.1705274308895864
breakout_1656253812_89b07dc8	1041	0.1705274308895864
breakout_1656253812_89b07dc8	1044	0.16882215658069055
breakout_1656253812_89b07dc8	1046	0.16882215658069055
breakout_1656253812_89b07dc8	1049	0.16882215658069055
breakout_1656253812_89b07dc8	1051	0.16713393501488363
breakout_1656253812_89b07dc8	1054	0.16713393501488363
breakout_1656253812_89b07dc8	1056	0.16713393501488363
breakout_1656253812_89b07dc8	1059	0.16546259566473479
breakout_1656253812_89b07dc8	1061	0.16546259566473479
breakout_1656253812_89b07dc8	1064	0.16380796970808745
breakout_1656253812_89b07dc8	1066	0.16380796970808745
breakout_1656253812_89b07dc8	1069	0.16216989001100657
breakout_1656253812_89b07dc8	1072	0.16216989001100657
breakout_1656253812_89b07dc8	1074	0.16216989001100657
breakout_1656253812_89b07dc8	1077	0.16216989001100657
breakout_1656253812_89b07dc8	1079	0.1605481911108965
breakout_1656253812_89b07dc8	1082	0.1605481911108965
breakout_1656253812_89b07dc8	1084	0.1605481911108965
breakout_1656253812_89b07dc8	1087	0.1605481911108965
breakout_1656253812_89b07dc8	1089	0.15894270919978754
breakout_1656253812_89b07dc8	1092	0.15894270919978754
breakout_1656253812_89b07dc8	1094	0.15894270919978754
breakout_1656253812_89b07dc8	1097	0.15894270919978754
breakout_1656253812_89b07dc8	1099	0.15894270919978754
breakout_1656253812_89b07dc8	1102	0.15894270919978754
breakout_1656253812_89b07dc8	1105	0.15735328210778965
breakout_1656253812_89b07dc8	1107	0.15735328210778965
breakout_1656253812_89b07dc8	1110	0.15735328210778965
breakout_1656253812_89b07dc8	1112	0.15577974928671176
breakout_1656253812_89b07dc8	1115	0.15577974928671176
breakout_1656253812_89b07dc8	1117	0.15422195179384465
breakout_1656253812_89b07dc8	1120	0.15422195179384465
breakout_1656253812_89b07dc8	1122	0.15422195179384465
breakout_1656253812_89b07dc8	1125	0.15422195179384465
breakout_1656253812_89b07dc8	1127	0.1526797322759062
breakout_1656253812_89b07dc8	1130	0.1526797322759062
breakout_1656253812_89b07dc8	1132	0.15115293495314713
breakout_1656253812_89b07dc8	1135	0.15115293495314713
breakout_1656253812_89b07dc8	1138	0.15115293495314713
breakout_1656253812_89b07dc8	1140	0.15115293495314713
breakout_1656253812_89b07dc8	1143	0.15115293495314713
breakout_1656253812_89b07dc8	1145	0.15115293495314713
breakout_1656253812_89b07dc8	1148	0.14964140560361566
breakout_1656253812_89b07dc8	1150	0.14964140560361566
breakout_1656253812_89b07dc8	1153	0.14964140560361566
breakout_1656253812_89b07dc8	1155	0.14964140560361566
breakout_1656253812_89b07dc8	1158	0.1481449915475795
breakout_1656253812_89b07dc8	1160	0.1481449915475795
breakout_1656253812_89b07dc8	1163	0.1481449915475795
breakout_1656253812_89b07dc8	1165	0.1481449915475795
breakout_1656253812_89b07dc8	1168	0.1466635416321037
breakout_1656253812_89b07dc8	1171	0.12741333767875881
breakout_1656253812_89b07dc8	1173	0.12741333767875881
breakout_1656253812_89b07dc8	1176	0.12741333767875881
breakout_1656253812_89b07dc8	1178	0.12741333767875881
breakout_1656253812_89b07dc8	1181	0.12613920430197123
breakout_1656253812_89b07dc8	1183	0.12613920430197123
breakout_1656253812_89b07dc8	1186	0.12487781225895152
breakout_1656253812_89b07dc8	1188	0.123629034136362
breakout_1656253812_89b07dc8	1191	0.123629034136362
breakout_1656253812_89b07dc8	1193	0.12239274379499838
breakout_1656253812_89b07dc8	1196	0.12239274379499838
breakout_1656253812_89b07dc8	1198	0.1211688163570484
breakout_1656253812_89b07dc8	1201	0.1211688163570484
breakout_1656253812_89b07dc8	1204	0.1211688163570484
breakout_1656253812_89b07dc8	1206	0.1211688163570484
breakout_1656253812_89b07dc8	1209	0.1211688163570484
breakout_1656253812_89b07dc8	1211	0.11995712819347792
breakout_1656253812_89b07dc8	1214	0.11995712819347792
breakout_1656253812_89b07dc8	1216	0.11995712819347792
breakout_1656253812_89b07dc8	1219	0.11875755691154315
breakout_1656253812_89b07dc8	1221	0.11639428152900344
breakout_1656253812_89b07dc8	1224	0.11639428152900344
breakout_1656253812_89b07dc8	1226	0.11639428152900344
breakout_1656253812_89b07dc8	1229	0.11523033871371341
breakout_1656253812_89b07dc8	1231	0.11523033871371341
breakout_1656253812_89b07dc8	1234	0.11407803532657627
breakout_1656253812_89b07dc8	1237	0.11407803532657627
breakout_1656253812_89b07dc8	1239	0.09713262969004913
breakout_1656253812_89b07dc8	1242	0.09616130339314863
breakout_1656253812_89b07dc8	1244	0.09616130339314863
breakout_1656253812_89b07dc8	1247	0.09616130339314863
breakout_1656253812_89b07dc8	1249	0.09519969035921715
breakout_1656253812_89b07dc8	1252	0.09519969035921715
breakout_1656253812_89b07dc8	1254	0.09519969035921715
breakout_1656253812_89b07dc8	1257	0.09424769345562498
breakout_1656253812_89b07dc8	1259	0.09424769345562498
breakout_1656253812_89b07dc8	1262	0.09424769345562498
breakout_1656253812_89b07dc8	1264	0.09424769345562498
breakout_1656253812_89b07dc8	1267	0.09330521652106873
breakout_1656253812_89b07dc8	1269	0.09330521652106873
breakout_1656253812_89b07dc8	1272	0.09330521652106873
breakout_1656253812_89b07dc8	1275	0.09330521652106873
breakout_1656253812_89b07dc8	1277	0.09237216435585804
breakout_1656253812_89b07dc8	1280	0.09237216435585804
breakout_1656253812_89b07dc8	1282	0.09237216435585804
breakout_1656253812_89b07dc8	1285	0.09144844271229946
breakout_1656253812_89b07dc8	1287	0.09144844271229946
breakout_1656253812_89b07dc8	1290	0.09053395828517646
breakout_1656253812_89b07dc8	1292	0.09053395828517646
breakout_1656253812_89b07dc8	1295	0.09053395828517646
breakout_1656253812_89b07dc8	1297	0.08962861870232469
breakout_1656253812_89b07dc8	1300	0.08962861870232469
breakout_1656253812_89b07dc8	1302	0.08962861870232469
breakout_1656253812_89b07dc8	1305	0.08962861870232469
breakout_1656253812_89b07dc8	1308	0.08873233251530144
breakout_1656253812_89b07dc8	1310	0.08784500919014843
breakout_1656253812_89b07dc8	1313	0.08784500919014843
breakout_1656253812_89b07dc8	1315	0.08784500919014843
breakout_1656253812_89b07dc8	1318	0.08784500919014843
breakout_1656253812_89b07dc8	1320	0.08696655909824694
breakout_1656253812_89b07dc8	1323	0.08696655909824694
breakout_1656253812_89b07dc8	1325	0.08696655909824694
breakout_1656253812_89b07dc8	1328	0.08609689350726446
breakout_1656253812_89b07dc8	1330	0.08609689350726446
breakout_1656253812_89b07dc8	1333	0.08523592457219181
breakout_1656253812_89b07dc8	1335	0.08523592457219181
breakout_1656253812_89b07dc8	1338	0.0843835653264699
breakout_1656253812_89b07dc8	1341	0.0843835653264699
breakout_1656253812_89b07dc8	1343	0.0835397296732052
breakout_1656253812_89b07dc8	1346	0.0835397296732052
breakout_1656253812_89b07dc8	1348	0.0835397296732052
breakout_1656253812_89b07dc8	1351	0.0835397296732052
breakout_1656253812_89b07dc8	1353	0.08270433237647315
breakout_1656253812_89b07dc8	1356	0.08270433237647315
breakout_1656253812_89b07dc8	1358	0.08270433237647315
breakout_1656253812_89b07dc8	1361	0.08187728905270841
breakout_1656253812_89b07dc8	1363	0.08187728905270841
breakout_1656253812_89b07dc8	1366	0.08105851616218133
breakout_1656253812_89b07dc8	1368	0.08105851616218133
breakout_1656253812_89b07dc8	1371	0.08024793100055952
breakout_1656253812_89b07dc8	1374	0.08024793100055952
breakout_1656253812_89b07dc8	1376	0.08024793100055952
breakout_1656253812_89b07dc8	1379	0.07944545169055392
breakout_1656253812_89b07dc8	1381	0.07944545169055392
breakout_1656253812_89b07dc8	1384	0.07944545169055392
breakout_1656253812_89b07dc8	1386	0.07944545169055392
breakout_1656253812_89b07dc8	1389	0.07944545169055392
breakout_1656253812_89b07dc8	1391	0.07865099717364837
breakout_1656253812_89b07dc8	1394	0.07786448720191189
breakout_1656253812_89b07dc8	1396	0.07786448720191189
breakout_1656253812_89b07dc8	1399	0.07786448720191189
breakout_1656253812_89b07dc8	1401	0.07708584232989277
breakout_1656253812_89b07dc8	1404	0.07708584232989277
breakout_1656253812_89b07dc8	1407	0.07631498390659384
breakout_1656253812_89b07dc8	1409	0.07631498390659384
breakout_1656253812_89b07dc8	1412	0.07555183406752791
breakout_1656253812_89b07dc8	1414	0.07555183406752791
breakout_1656253812_89b07dc8	1417	0.07555183406752791
breakout_1656253812_89b07dc8	1419	0.07479631572685264
breakout_1656253812_89b07dc8	1422	0.07479631572685264
breakout_1656253812_89b07dc8	1424	0.07404835256958411
breakout_1656253812_89b07dc8	1427	0.07404835256958411
breakout_1656253812_89b07dc8	1429	0.07404835256958411
breakout_1656253812_89b07dc8	1432	0.07330786904388827
breakout_1656253812_89b07dc8	1434	0.07330786904388827
breakout_1656253812_89b07dc8	1437	0.07330786904388827
breakout_1656253812_89b07dc8	1440	0.07257479035344938
breakout_1656253812_89b07dc8	1442	0.07184904244991488
breakout_1656253812_89b07dc8	1445	0.07184904244991488
breakout_1656253812_89b07dc8	1447	0.07113055202541574
breakout_1656253812_89b07dc8	1450	0.07113055202541574
breakout_1656253812_89b07dc8	1452	0.07041924650516158
breakout_1656253812_89b07dc8	1455	0.07041924650516158
breakout_1656253812_89b07dc8	1457	0.06971505404010997
breakout_1656253812_89b07dc8	1460	0.06971505404010997
breakout_1656253812_89b07dc8	1462	0.06971505404010997
breakout_1656253812_89b07dc8	1465	0.06971505404010997
breakout_1656253812_89b07dc8	1467	0.06901790349970886
breakout_1656253812_89b07dc8	1470	0.06901790349970886
breakout_1656253812_89b07dc8	1473	0.06901790349970886
breakout_1656253812_89b07dc8	1475	0.06832772446471178
breakout_1656253812_89b07dc8	1478	0.06832772446471178
breakout_1656253812_89b07dc8	1480	0.06832772446471178
breakout_1656253812_89b07dc8	1483	0.06764444722006466
breakout_1656253812_89b07dc8	1485	0.066968002747864
breakout_1656253812_89b07dc8	1488	0.066968002747864
breakout_1656253812_89b07dc8	1490	0.06629832272038537
breakout_1656253812_89b07dc8	1493	0.06629832272038537
breakout_1656253812_89b07dc8	1495	0.06563533949318151
breakout_1656253812_89b07dc8	1498	0.06563533949318151
breakout_1656253812_89b07dc8	1500	0.0643291962372672
breakout_1656253812_89b07dc8	1503	0.06368590427489453
breakout_1656253812_89b07dc8	1506	0.06368590427489453
breakout_1656253812_89b07dc8	1508	0.06304904523214558
breakout_1656253812_89b07dc8	1511	0.06304904523214558
breakout_1656253812_89b07dc8	1513	0.06241855477982412
breakout_1656253812_89b07dc8	1516	0.06179436923202588
breakout_1656253812_89b07dc8	1518	0.06179436923202588
breakout_1656253812_89b07dc8	1521	0.06117642553970562
breakout_1656253812_89b07dc8	1523	0.06117642553970562
breakout_1656253812_89b07dc8	1526	0.06056466128430856
breakout_1656253812_89b07dc8	1528	0.06056466128430856
breakout_1656253812_89b07dc8	1531	0.06056466128430856
breakout_1656253812_89b07dc8	1533	0.05995901467146548
breakout_1656253812_89b07dc8	1536	0.05995901467146548
breakout_1656253812_89b07dc8	1539	0.05995901467146548
breakout_1656253812_89b07dc8	1541	0.05935942452475082
breakout_1656253812_89b07dc8	1544	0.05935942452475082
breakout_1656253812_89b07dc8	1546	0.05935942452475082
breakout_1656253812_89b07dc8	1549	0.058765830279503314
breakout_1656253812_89b07dc8	1551	0.058765830279503314
breakout_1656253812_89b07dc8	1554	0.058765830279503314
breakout_1656253812_89b07dc8	1556	0.05817817197670828
breakout_1656253812_89b07dc8	1559	0.057596390256941195
breakout_1656253812_89b07dc8	1561	0.057596390256941195
breakout_1656253812_89b07dc8	1564	0.057596390256941195
breakout_1656253812_89b07dc8	1566	0.057596390256941195
breakout_1656253812_89b07dc8	1569	0.05702042635437178
breakout_1656253812_89b07dc8	1572	0.05702042635437178
breakout_1656253812_89b07dc8	1574	0.05702042635437178
breakout_1656253812_89b07dc8	1577	0.05645022209082806
breakout_1656253812_89b07dc8	1579	0.05645022209082806
breakout_1656253812_89b07dc8	1582	0.05588571986991978
breakout_1656253812_89b07dc8	1584	0.055326862671220584
breakout_1656253812_89b07dc8	1587	0.055326862671220584
breakout_1656253812_89b07dc8	1589	0.05477359404450838
breakout_1656253812_89b07dc8	1592	0.05477359404450838
breakout_1656253812_89b07dc8	1594	0.054225858104063294
breakout_1656253812_89b07dc8	1597	0.054225858104063294
breakout_1656253812_89b07dc8	1599	0.054225858104063294
breakout_1656253812_89b07dc8	1602	0.054225858104063294
breakout_1656253812_89b07dc8	1605	0.054225858104063294
breakout_1656253812_89b07dc8	1607	0.05368359952302266
breakout_1656253812_89b07dc8	1610	0.05368359952302266
breakout_1656253812_89b07dc8	1612	0.05368359952302266
breakout_1656253812_89b07dc8	1615	0.05368359952302266
breakout_1656253812_89b07dc8	1617	0.052615295892514506
breakout_1656253812_89b07dc8	1620	0.052089142933589364
breakout_1656253812_89b07dc8	1622	0.05156825150425347
breakout_1656253812_89b07dc8	1625	0.05156825150425347
breakout_1656253812_89b07dc8	1627	0.05156825150425347
breakout_1656253812_89b07dc8	1630	0.051052568989210935
breakout_1656253812_89b07dc8	1632	0.051052568989210935
breakout_1656253812_89b07dc8	1635	0.05054204329931883
breakout_1656253812_89b07dc8	1638	0.05054204329931883
breakout_1656253812_89b07dc8	1640	0.05054204329931883
breakout_1656253812_89b07dc8	1643	0.05003662286632564
breakout_1656253812_89b07dc8	1645	0.04953625663766238
breakout_1656253812_89b07dc8	1648	0.04953625663766238
breakout_1656253812_89b07dc8	1650	0.04953625663766238
breakout_1656253812_89b07dc8	1653	0.04904089407128576
breakout_1656253812_89b07dc8	1655	0.04904089407128576
breakout_1656253812_89b07dc8	1658	0.0485504851305729
breakout_1656253812_89b07dc8	1660	0.0485504851305729
breakout_1656253812_89b07dc8	1663	0.048064980279267165
breakout_1656253812_89b07dc8	1665	0.048064980279267165
breakout_1656253812_89b07dc8	1668	0.04758433047647449
breakout_1656253812_89b07dc8	1671	0.04710848717170975
breakout_1656253812_89b07dc8	1673	0.04710848717170975
breakout_1656253812_89b07dc8	1676	0.04710848717170975
breakout_1656253812_89b07dc8	1678	0.04663740229999265
breakout_1656253812_89b07dc8	1681	0.04663740229999265
breakout_1656253812_89b07dc8	1683	0.04663740229999265
breakout_1656253812_89b07dc8	1686	0.04617102827699272
breakout_1656253812_89b07dc8	1688	0.04617102827699272
breakout_1656253812_89b07dc8	1691	0.04617102827699272
breakout_1656253812_89b07dc8	1693	0.04617102827699272
breakout_1656253812_89b07dc8	1696	0.04525222481428057
breakout_1656253812_89b07dc8	1698	0.04525222481428057
breakout_1656253812_89b07dc8	1701	0.04479970256613776
breakout_1656253812_89b07dc8	1703	0.04479970256613776
breakout_1656253812_89b07dc8	1706	0.04479970256613776
breakout_1656253812_89b07dc8	1709	0.04435170554047638
breakout_1656253812_89b07dc8	1711	0.043908188485071616
breakout_1656253812_89b07dc8	1714	0.043908188485071616
breakout_1656253812_89b07dc8	1716	0.043908188485071616
breakout_1656253812_89b07dc8	1719	0.0434691066002209
breakout_1656253812_89b07dc8	1721	0.0434691066002209
breakout_1656253812_89b07dc8	1724	0.0434691066002209
breakout_1656253812_89b07dc8	1726	0.03776360434375024
breakout_1656253812_89b07dc8	1729	0.03664198753113651
breakout_1656253812_89b07dc8	1731	0.03664198753113651
breakout_1656253812_89b07dc8	1734	0.03664198753113651
breakout_1656253812_89b07dc8	1736	0.03664198753113651
breakout_1656253812_89b07dc8	1739	0.03664198753113651
breakout_1656253812_89b07dc8	1742	0.036275567655825146
breakout_1656253812_89b07dc8	1744	0.036275567655825146
breakout_1656253812_89b07dc8	1747	0.03591281197926689
breakout_1656253812_89b07dc8	1749	0.03591281197926689
breakout_1656253812_89b07dc8	1752	0.03591281197926689
breakout_1656253812_89b07dc8	1754	0.03591281197926689
breakout_1656253812_89b07dc8	1757	0.035553683859474224
breakout_1656253812_89b07dc8	1759	0.035553683859474224
breakout_1656253812_89b07dc8	1762	0.035553683859474224
breakout_1656253812_89b07dc8	1764	0.035553683859474224
breakout_1656253812_89b07dc8	1767	0.035553683859474224
breakout_1656253812_89b07dc8	1769	0.03519814702087948
breakout_1656253812_89b07dc8	1772	0.03484616555067068
breakout_1656253812_89b07dc8	1775	0.03484616555067068
breakout_1656253812_89b07dc8	1777	0.034497703895163975
breakout_1656253812_89b07dc8	1780	0.03415272685621234
breakout_1656253812_89b07dc8	1782	0.03415272685621234
breakout_1656253812_89b07dc8	1785	0.03381119958765021
breakout_1656253812_89b07dc8	1787	0.03381119958765021
breakout_1656253812_89b07dc8	1790	0.03381119958765021
breakout_1656253812_89b07dc8	1792	0.03347308759177371
breakout_1656253812_89b07dc8	1795	0.03313835671585597
breakout_1656253812_89b07dc8	1797	0.03280697314869741
breakout_1656253812_89b07dc8	1800	0.03280697314869741
breakout_1656253812_89b07dc8	1802	0.03280697314869741
breakout_1656253812_89b07dc8	1805	0.032478903417210436
breakout_1656253812_89b07dc8	1808	0.032154114383038335
breakout_1656253812_89b07dc8	1810	0.032154114383038335
breakout_1656253812_89b07dc8	1813	0.032154114383038335
breakout_1656253812_89b07dc8	1815	0.03183257323920795
breakout_1656253812_89b07dc8	1818	0.03183257323920795
breakout_1656253812_89b07dc8	1820	0.03183257323920795
breakout_1656253812_89b07dc8	1823	0.03151424750681587
breakout_1656253812_89b07dc8	1825	0.03151424750681587
breakout_1656253812_89b07dc8	1828	0.03151424750681587
breakout_1656253812_89b07dc8	1830	0.03119910503174771
breakout_1656253812_89b07dc8	1833	0.03119910503174771
breakout_1656253812_89b07dc8	1835	0.03119910503174771
breakout_1656253812_89b07dc8	1838	0.03119910503174771
breakout_1656253812_89b07dc8	1841	0.030887113981430233
breakout_1656253812_89b07dc8	1843	0.030887113981430233
breakout_1656253812_89b07dc8	1846	0.03057824284161593
breakout_1656253812_89b07dc8	1848	0.03057824284161593
breakout_1656253812_89b07dc8	1851	0.03057824284161593
breakout_1656253812_89b07dc8	1853	0.03027246041319977
breakout_1656253812_89b07dc8	1856	0.03027246041319977
breakout_1656253812_89b07dc8	1858	0.029969735809067772
breakout_1656253812_89b07dc8	1861	0.029969735809067772
breakout_1656253812_89b07dc8	1863	0.029969735809067772
breakout_1656253812_89b07dc8	1866	0.029969735809067772
breakout_1656253812_89b07dc8	1868	0.029670038450977095
breakout_1656253812_89b07dc8	1871	0.029670038450977095
breakout_1656253812_89b07dc8	1874	0.029373338066467324
breakout_1656253812_89b07dc8	1876	0.025517964452291122
breakout_1656253812_89b07dc8	1879	0.025517964452291122
breakout_1656253812_89b07dc8	1881	0.02526278480776821
breakout_1656253812_89b07dc8	1884	0.02526278480776821
breakout_1656253812_89b07dc8	1886	0.02526278480776821
breakout_1656253812_89b07dc8	1889	0.025010156959690527
breakout_1656253812_89b07dc8	1891	0.02476005539009362
breakout_1656253812_89b07dc8	1894	0.02476005539009362
breakout_1656253812_89b07dc8	1896	0.02476005539009362
breakout_1656253812_89b07dc8	1899	0.02476005539009362
breakout_1656253812_89b07dc8	1901	0.024512454836192684
breakout_1656253812_89b07dc8	1904	0.024512454836192684
breakout_1656253812_89b07dc8	1907	0.024512454836192684
breakout_1656253812_89b07dc8	1909	0.024512454836192684
breakout_1656253812_89b07dc8	1912	0.024267330287830756
breakout_1656253812_89b07dc8	1914	0.024267330287830756
breakout_1656253812_89b07dc8	1917	0.024267330287830756
breakout_1656253812_89b07dc8	1919	0.024024656984952448
breakout_1656253812_89b07dc8	1922	0.023784410415102923
breakout_1656253812_89b07dc8	1924	0.023784410415102923
breakout_1656253812_89b07dc8	1927	0.023784410415102923
breakout_1656253812_89b07dc8	1929	0.023784410415102923
breakout_1656253812_89b07dc8	1932	0.023546566310951894
breakout_1656253812_89b07dc8	1934	0.023546566310951894
breakout_1656253812_89b07dc8	1937	0.023546566310951894
breakout_1656253812_89b07dc8	1940	0.023311100647842375
breakout_1656253812_89b07dc8	1942	0.02307798964136395
breakout_1656253812_89b07dc8	1945	0.02307798964136395
breakout_1656253812_89b07dc8	1947	0.02307798964136395
breakout_1656253812_89b07dc8	1950	0.022847209744950314
breakout_1656253812_89b07dc8	1952	0.022847209744950314
breakout_1656253812_89b07dc8	1955	0.022847209744950314
breakout_1656253812_89b07dc8	1957	0.02261873764750081
breakout_1656253812_89b07dc8	1960	0.02261873764750081
breakout_1656253812_89b07dc8	1962	0.02261873764750081
breakout_1656253812_89b07dc8	1965	0.02261873764750081
breakout_1656253812_89b07dc8	1967	0.022392550271025803
breakout_1656253812_89b07dc8	1970	0.022392550271025803
breakout_1656253812_89b07dc8	1973	0.022392550271025803
breakout_1656253812_89b07dc8	1975	0.022168624768315544
breakout_1656253812_89b07dc8	1978	0.022168624768315544
breakout_1656253812_89b07dc8	1980	0.02194693852063239
breakout_1656253812_89b07dc8	1983	0.02194693852063239
breakout_1656253812_89b07dc8	1985	0.02194693852063239
breakout_1656253812_89b07dc8	1988	0.02194693852063239
breakout_1656253812_89b07dc8	1990	0.021727469135426065
breakout_1656253812_89b07dc8	1993	0.021727469135426065
breakout_1656253812_89b07dc8	1995	0.021727469135426065
breakout_1656253812_89b07dc8	1998	0.021727469135426065
breakout_1656253812_89b07dc8	2000	0.021510194444071803
breakout_1656253812_89b07dc8	2003	0.021510194444071803
breakout_1656253812_89b07dc8	2006	0.021510194444071803
breakout_1656253812_89b07dc8	2008	0.021510194444071803
breakout_1656253812_89b07dc8	2011	0.021082141574634772
breakout_1656253812_89b07dc8	2013	0.020871320158888425
breakout_1656253812_89b07dc8	2016	0.020871320158888425
breakout_1656253812_89b07dc8	2018	0.020662606957299542
breakout_1656253812_89b07dc8	2021	0.020662606957299542
breakout_1656253812_89b07dc8	2023	0.020662606957299542
breakout_1656253812_89b07dc8	2026	0.020662606957299542
breakout_1656253812_89b07dc8	2028	0.020662606957299542
breakout_1656253812_89b07dc8	2031	0.020455980887726547
breakout_1656253812_89b07dc8	2033	0.020455980887726547
breakout_1656253812_89b07dc8	2036	0.02025142107884928
breakout_1656253812_89b07dc8	2039	0.020048906868060788
breakout_1656253812_89b07dc8	2041	0.020048906868060788
breakout_1656253812_89b07dc8	2044	0.01741740389222302
breakout_1656253812_89b07dc8	2046	0.01741740389222302
breakout_1656253812_89b07dc8	2049	0.01724322985330079
breakout_1656253812_89b07dc8	2051	0.01724322985330079
breakout_1656253812_89b07dc8	2054	0.01724322985330079
breakout_1656253812_89b07dc8	2056	0.017070797554767782
breakout_1656253812_89b07dc8	2059	0.017070797554767782
breakout_1656253812_89b07dc8	2061	0.017070797554767782
breakout_1656253812_89b07dc8	2064	0.016900089579220106
breakout_1656253812_89b07dc8	2066	0.016900089579220106
breakout_1656253812_89b07dc8	2069	0.016731088683427906
breakout_1656253812_89b07dc8	2072	0.016731088683427906
breakout_1656253812_89b07dc8	2074	0.016731088683427906
breakout_1656253812_89b07dc8	2077	0.016563777796593626
breakout_1656253812_89b07dc8	2079	0.016563777796593626
breakout_1656253812_89b07dc8	2082	0.016563777796593626
breakout_1656253812_89b07dc8	2084	0.016398140018627688
breakout_1656253812_89b07dc8	2087	0.016398140018627688
breakout_1656253812_89b07dc8	2089	0.016398140018627688
breakout_1656253812_89b07dc8	2092	0.016398140018627688
breakout_1656253812_89b07dc8	2094	0.01623415861844141
breakout_1656253812_89b07dc8	2097	0.016071817032256998
breakout_1656253812_89b07dc8	2099	0.016071817032256998
breakout_1656253812_89b07dc8	2102	0.016071817032256998
breakout_1656253812_89b07dc8	2105	0.01591109886193443
breakout_1656253812_89b07dc8	2107	0.01591109886193443
breakout_1656253812_89b07dc8	2110	0.01591109886193443
breakout_1656253812_89b07dc8	2112	0.015751987873315085
breakout_1656253812_89b07dc8	2115	0.015751987873315085
breakout_1656253812_89b07dc8	2117	0.015594467994581935
breakout_1656253812_89b07dc8	2120	0.015594467994581935
breakout_1656253812_89b07dc8	2122	0.015438523314636115
breakout_1656253812_89b07dc8	2125	0.015438523314636115
breakout_1656253812_89b07dc8	2127	0.015284138081489753
breakout_1656253812_89b07dc8	2130	0.015131296700674856
breakout_1656253812_89b07dc8	2132	0.014979983733668108
breakout_1656253812_89b07dc8	2135	0.014979983733668108
breakout_1656253812_89b07dc8	2137	0.014979983733668108
breakout_1656253812_89b07dc8	2140	0.014979983733668108
breakout_1656253812_89b07dc8	2143	0.014830183896331426
breakout_1656253812_89b07dc8	2145	0.014830183896331426
breakout_1656253812_89b07dc8	2148	0.014830183896331426
breakout_1656253812_89b07dc8	2150	0.014681882057368112
breakout_1656253812_89b07dc8	2153	0.014681882057368112
breakout_1656253812_89b07dc8	2155	0.01453506323679443
breakout_1656253812_89b07dc8	2158	0.01453506323679443
breakout_1656253812_89b07dc8	2160	0.01453506323679443
breakout_1656253812_89b07dc8	2163	0.014389712604426485
breakout_1656253812_89b07dc8	2165	0.01424581547838222
breakout_1656253812_89b07dc8	2168	0.01424581547838222
breakout_1656253812_89b07dc8	2170	0.014103357323598397
breakout_1656253812_89b07dc8	2173	0.014103357323598397
breakout_1656253812_89b07dc8	2176	0.013962323750362413
breakout_1656253812_89b07dc8	2178	0.013822700512858789
breakout_1656253812_89b07dc8	2181	0.013822700512858789
breakout_1656253812_89b07dc8	2183	0.0136844735077302
breakout_1656253812_89b07dc8	2186	0.0136844735077302
breakout_1656253812_89b07dc8	2188	0.0136844735077302
breakout_1656253812_89b07dc8	2191	0.013547628772652899
breakout_1656253812_89b07dc8	2193	0.013547628772652899
breakout_1656253812_89b07dc8	2196	0.01341215248492637
breakout_1656253812_89b07dc8	2198	0.01341215248492637
breakout_1656253812_89b07dc8	2201	0.013278030960077106
breakout_1656253812_89b07dc8	2203	0.013278030960077106
breakout_1656253812_89b07dc8	2206	0.013145250650476335
breakout_1656253812_89b07dc8	2209	0.013145250650476335
breakout_1656253812_89b07dc8	2211	0.012883660162531854
breakout_1656253812_89b07dc8	2214	0.012883660162531854
breakout_1656253812_89b07dc8	2216	0.012754823560906535
breakout_1656253812_89b07dc8	2219	0.012754823560906535
breakout_1656253812_89b07dc8	2221	0.01262727532529747
breakout_1656253812_89b07dc8	2224	0.01262727532529747
breakout_1656253812_89b07dc8	2226	0.01262727532529747
breakout_1656253812_89b07dc8	2229	0.012501002572044496
breakout_1656253812_89b07dc8	2231	0.012501002572044496
breakout_1656253812_89b07dc8	2234	0.012501002572044496
breakout_1656253812_89b07dc8	2236	0.012501002572044496
breakout_1656253812_89b07dc8	2239	0.01237599254632405
breakout_1656253812_89b07dc8	2242	0.01237599254632405
breakout_1656253812_89b07dc8	2244	0.01225223262086081
breakout_1656253812_89b07dc8	2247	0.01225223262086081
breakout_1656253812_89b07dc8	2249	0.01225223262086081
breakout_1656253812_89b07dc8	2252	0.012129710294652202
breakout_1656253812_89b07dc8	2254	0.012129710294652202
breakout_1656253812_89b07dc8	2257	0.01200841319170568
breakout_1656253812_89b07dc8	2259	0.011888329059788623
breakout_1656253812_89b07dc8	2262	0.011888329059788623
breakout_1656253812_89b07dc8	2264	0.011888329059788623
breakout_1656253812_89b07dc8	2267	0.011888329059788623
breakout_1656253812_89b07dc8	2269	0.011888329059788623
breakout_1656253812_89b07dc8	2272	0.011769445769190737
breakout_1656253812_89b07dc8	2275	0.01165175131149883
breakout_1656253812_89b07dc8	2277	0.011535233798383842
breakout_1656253812_89b07dc8	2280	0.011535233798383842
breakout_1656253812_89b07dc8	2282	0.011535233798383842
breakout_1656253812_89b07dc8	2285	0.011419881460400004
breakout_1656253812_89b07dc8	2287	0.011419881460400004
breakout_1656253812_89b07dc8	2290	0.011305682645796004
breakout_1656253812_89b07dc8	2292	0.011305682645796004
breakout_1656253812_89b07dc8	2295	0.011192625819338045
breakout_1656253812_89b07dc8	2297	0.011192625819338045
breakout_1656253812_89b07dc8	2300	0.011192625819338045
breakout_1656253812_89b07dc8	2302	0.011080699561144665
breakout_1656253812_89b07dc8	2305	0.011080699561144665
breakout_1656253812_89b07dc8	2308	0.011080699561144665
breakout_1656253812_89b07dc8	2310	0.011080699561144665
breakout_1656253812_89b07dc8	2313	0.011080699561144665
breakout_1656253812_89b07dc8	2315	0.010860193639877886
breakout_1656253812_89b07dc8	2318	0.010860193639877886
breakout_1656253812_89b07dc8	2320	0.010860193639877886
breakout_1656253812_89b07dc8	2323	0.010860193639877886
breakout_1656253812_89b07dc8	2325	0.010751591703479106
breakout_1656253812_89b07dc8	2328	0.010751591703479106
breakout_1656253812_89b07dc8	2330	0.010644075786444315
breakout_1656253812_89b07dc8	2333	0.010644075786444315
breakout_1656253812_89b07dc8	2335	0.010644075786444315
breakout_1656253812_89b07dc8	2338	0.010644075786444315
breakout_1656253812_89b07dc8	2341	0.010644075786444315
breakout_1656253812_89b07dc8	2343	0.010537635028579873
breakout_1656253812_89b07dc8	2346	0.010537635028579873
breakout_1656253812_89b07dc8	2348	0.010537635028579873
breakout_1656253812_89b07dc8	2351	0.010432258678294073
breakout_1656253812_89b07dc8	2353	0.010432258678294073
breakout_1656253812_89b07dc8	2356	0.010432258678294073
breakout_1656253812_89b07dc8	2358	0.010432258678294073
breakout_1656253812_89b07dc8	2361	0.010327936091511133
breakout_1656253812_89b07dc8	2363	0.010224656730596022
breakout_1656253812_89b07dc8	2366	0.01012241016329006
breakout_1656253812_89b07dc8	2368	0.01012241016329006
breakout_1656253812_89b07dc8	2371	0.01012241016329006
breakout_1656253812_89b07dc8	2374	0.01002118606165716
breakout_1656253812_89b07dc8	2376	0.01002118606165716
breakout_1656253812_89b07dc8	2379	0.01002118606165716
breakout_1656253812_89b07dc8	2381	0.01
breakout_1656253812_89b07dc8	2384	0.01
breakout_1656253812_89b07dc8	2386	0.01
breakout_1656253812_89b07dc8	2389	0.01
breakout_1656253812_89b07dc8	2391	0.01
breakout_1656253812_89b07dc8	2394	0.01
breakout_1656253812_89b07dc8	2396	0.01
breakout_1656253812_89b07dc8	2399	0.01
breakout_1656253812_89b07dc8	2401	0.01
breakout_1656253812_89b07dc8	2404	0.01
breakout_1656253812_89b07dc8	2407	0.01
breakout_1656253812_89b07dc8	2409	0.01
breakout_1656253812_89b07dc8	2412	0.01
breakout_1656253812_89b07dc8	2414	0.01
breakout_1656253812_89b07dc8	2417	0.01
breakout_1656253812_89b07dc8	2419	0.01
breakout_1656253812_89b07dc8	2422	0.01
breakout_1656253812_89b07dc8	2424	0.01
breakout_1656253812_89b07dc8	2427	0.01
breakout_1656253812_89b07dc8	2429	0.01
breakout_1656253812_89b07dc8	2432	0.01
breakout_1656253812_89b07dc8	2434	0.01
breakout_1656253812_89b07dc8	2437	0.01
breakout_1656253812_89b07dc8	2440	0.01
breakout_1656253812_89b07dc8	2442	0.01
breakout_1656253812_89b07dc8	2445	0.01
breakout_1656253812_89b07dc8	2447	0.01
breakout_1656253812_89b07dc8	2450	0.01
breakout_1656253812_89b07dc8	2452	0.01
breakout_1656253812_89b07dc8	2455	0.01
breakout_1656253812_89b07dc8	2457	0.01
breakout_1656253812_89b07dc8	2460	0.01
breakout_1656253812_89b07dc8	2462	0.01
breakout_1656253812_89b07dc8	2465	0.01
breakout_1656253812_89b07dc8	2467	0.01
breakout_1656253812_89b07dc8	2470	0.01
breakout_1656253812_89b07dc8	2473	0.01
breakout_1656253812_89b07dc8	2475	0.01
breakout_1656253812_89b07dc8	2478	0.01
breakout_1656253812_89b07dc8	2480	0.01
breakout_1656253812_89b07dc8	2483	0.01
breakout_1656253812_89b07dc8	2485	0.01
breakout_1656253812_89b07dc8	2488	0.01
breakout_1656253812_89b07dc8	2490	0.01
breakout_1656253812_89b07dc8	2493	0.01
breakout_1656253812_89b07dc8	2495	0.01
breakout_1656253812_89b07dc8	2498	0.01
breakout_1656253812_89b07dc8	2500	0.01
breakout_1656253812_89b07dc8	2503	0.01
breakout_1656253812_89b07dc8	2506	0.01
breakout_1656253812_89b07dc8	2508	0.01
breakout_1656253812_89b07dc8	2511	0.01
breakout_1656253812_89b07dc8	2513	0.01
breakout_1656253812_89b07dc8	2516	0.01
breakout_1656253812_89b07dc8	2518	0.01
breakout_1656253812_89b07dc8	2521	0.01
breakout_1656253812_89b07dc8	2523	0.01
breakout_1656253812_89b07dc8	2526	0.01
breakout_1656253812_89b07dc8	2528	0.01
breakout_1656253812_89b07dc8	2531	0.01
breakout_1656253812_89b07dc8	2533	0.01
breakout_1656253812_89b07dc8	2536	0.01