run_id	step	loss
breakout_1656253812_89b07dc8	0	
breakout_1656253812_89b07dc8	3	
breakout_1656253812_89b07dc8	6	
breakout_1656253812_89b07dc8	8	
breakout_1656253812_89b07dc8	11	
breakout_1656253812_89b07dc8	13	
breakout_1656253812_89b07dc8	16	
breakout_1656253812_89b07dc8	18	
breakout_1656253812_89b07dc8	21	
breakout_1656253812_89b07dc8	23	
breakout_1656253812_89b07dc8	26	
breakout_1656253812_89b07dc8	28	
breakout_1656253812_89b07dc8	31	
breakout_1656253812_89b07dc8	33	
breakout_1656253812_89b07dc8	36	
breakout_1656253812_89b07dc8	39	
breakout_1656253812_89b07dc8	41	
breakout_1656253812_89b07dc8	44	
breakout_1656253812_89b07dc8	46	
breakout_1656253812_89b07dc8	49	
breakout_1656253812_89b07dc8	51	
breakout_1656253812_89b07dc8	54	
breakout_1656253812_89b07dc8	56	
breakout_1656253812_89b07dc8	59	
breakout_1656253812_89b07dc8	61	
breakout_1656253812_89b07dc8	64	
breakout_1656253812_89b07dc8	66	
breakout_1656253812_89b07dc8	69	
breakout_1656253812_89b07dc8	72	
breakout_1656253812_89b07dc8	74	
breakout_1656253812_89b07dc8	77	
breakout_1656253812_89b07dc8	79	
breakout_1656253812_89b07dc8	82	
breakout_1656253812_89b07dc8	84	
breakout_1656253812_89b07dc8	87	
breakout_1656253812_89b07dc8	89	
breakout_1656253812_89b07dc8	92	
breakout_1656253812_89b07dc8	94	0.24827424506656826
breakout_1656253812_89b07dc8	97	0.1922703532036394
breakout_1656253812_89b07dc8	99	0.15548080537701026
breakout_1656253812_89b07dc8	102	0.13870376904378645
breakout_1656253812_89b07dc8	105	0.2690233499160968
breakout_1656253812_89b07dc8	107	0.12264303688425571
breakout_1656253812_89b07dc8	110	0.5549650898319669
breakout_1656253812_89b07dc8	112	0.16999776096781716
breakout_1656253812_89b07dc8	115	0.24372903280891478
breakout_1656253812_89b07dc8	117	0.16154501133132726
breakout_1656253812_89b07dc8	120	0.2864840629626997
breakout_1656253812_89b07dc8	122	0.3599430351750925
breakout_1656253812_89b07dc8	125	0.20771610166411847
breakout_1656253812_89b07dc8	127	36.12618424546963
breakout_1656253812_89b07dc8	130	0.1808010635431856
breakout_1656253812_89b07dc8	132	0.15360681698075496
breakout_1656253812_89b07dc8	135	0.09763477183878422
breakout_1656253812_89b07dc8	138	0.1490985921700485
breakout_1656253812_89b07dc8	140	0.24088289035717025
breakout_1656253812_89b07dc8	143	0.13782443551463075
breakout_1656253812_89b07dc8	145	0.17758943664375693
breakout_1656253812_89b07dc8	148	0.26631301871384494
breakout_1656253812_89b07dc8	150	0.1529470896057319
breakout_1656253812_89b07dc8	153	0.15431276833987795
breakout_1656253812_89b07dc8	155	0.1982660772628151
breakout_1656253812_89b07dc8	158	0.24174868297996
breakout_1656253812_89b07dc8	160	0.16227600997081026
breakout_1656253812_89b07dc8	163	0.2656541619217023
breakout_1656253812_89b07dc8	165	0.42538650252390653
breakout_1656253812_89b07dc8	168	0.20594606432132423
breakout_1656253812_89b07dc8	171	0.21972613572143018
breakout_1656253812_89b07dc8	173	0.0924887924338691
breakout_1656253812_89b07dc8	176	0.3167637254809961
breakout_1656253812_89b07dc8	178	0.255642453674227
breakout_1656253812_89b07dc8	181	0.36172753671417013
breakout_1656253812_89b07dc8	183	0.18292684835614637
breakout_1656253812_89b07dc8	186	0.1296666570706293
breakout_1656253812_89b07dc8	188	0.2840093166742008
breakout_1656253812_89b07dc8	191	0.30879446637118235
breakout_1656253812_89b07dc8	193	0.24569968250580132
breakout_1656253812_89b07dc8	196	0.29448831599438563
breakout_1656253812_89b07dc8	198	0.21408651606179774
breakout_1656253812_89b07dc8	201	0.28093409960274585
breakout_1656253812_89b07dc8	204	0.2590419289190322
breakout_1656253812_89b07dc8	206	0.16212069743778557
breakout_1656253812_89b07dc8	209	0.22898479894502088
breakout_1656253812_89b07dc8	211	0.20415051985764876
breakout_1656253812_89b07dc8	214	0.24257829948328435
breakout_1656253812_89b07dc8	216	0.31420635763788596
breakout_1656253812_89b07dc8	219	0.27793664869386703
breakout_1656253812_89b07dc8	221	0.23818729701451957
breakout_1656253812_89b07dc8	224	0.3228777293697931
breakout_1656253812_89b07dc8	226	0.1851482304628007
breakout_1656253812_89b07dc8	229	0.24423383362591267
breakout_1656253812_89b07dc8	231	0.23888265516143292
breakout_1656253812_89b07dc8	234	0.24588232013047673
breakout_1656253812_89b07dc8	237	0.28376089019002393
breakout_1656253812_89b07dc8	239	0.34329591097775847
breakout_1656253812_89b07dc8	242	0.2423242547083646
breakout_1656253812_89b07dc8	244	0.3841214309213683
breakout_1656253812_89b07dc8	247	0.31996680493466556
breakout_1656253812_89b07dc8	249	0.3159779808484018
breakout_1656253812_89b07dc8	252	0.3034118116775062
breakout_1656253812_89b07dc8	254	0.2111537593882531
breakout_1656253812_89b07dc8	257	0.24470832091174088
breakout_1656253812_89b07dc8	259	0.22385645302711055
breakout_1656253812_89b07dc8	262	0.35435883433092386
breakout_1656253812_89b07dc8	264	0.36319594003725797
breakout_1656253812_89b07dc8	267	0.4347021549474448
breakout_1656253812_89b07dc8	270	0.2691648396430537
breakout_1656253812_89b07dc8	272	0.28510505630401894
breakout_1656253812_89b07dc8	275	0.3114644883899018
breakout_1656253812_89b07dc8	277	0.34169796598143876
breakout_1656253812_89b07dc8	280	0.39457003551069647
breakout_1656253812_89b07dc8	282	0.21066375251393765
breakout_1656253812_89b07dc8	285	0.5004812056431547
breakout_1656253812_89b07dc8	287	0.2481383554986678
breakout_1656253812_89b07dc8	290	0.26276760385371745
breakout_1656253812_89b07dc8	292	0.2131326003873255
breakout_1656253812_89b07dc8	295	0.44643067580182105
breakout_1656253812_89b07dc8	297	0.23166906950064003
breakout_1656253812_89b07dc8	300	0.26257566158892587
breakout_1656253812_89b07dc8	303	0.2778600776800886
breakout_1656253812_89b07dc8	305	0.24567643780028448
breakout_1656253812_89b07dc8	308	0.3620679525192827
breakout_1656253812_89b07dc8	310	0.34072530118282884
breakout_1656253812_89b07dc8	313	0.39141470775939524
breakout_1656253812_89b07dc8	315	0.3307143898564391
breakout_1656253812_89b07dc8	318	0.18275558721506968
breakout_1656253812_89b07dc8	320	0.19630201195832342
breakout_1656253812_89b07dc8	323	0.2755164489499293
breakout_1656253812_89b07dc8	325	0.21823198697529733
breakout_1656253812_89b07dc8	328	0.29718391178175807
breakout_1656253812_89b07dc8	330	0.31908272684086114
breakout_1656253812_89b07dc8	333	0.26358465681551024
breakout_1656253812_89b07dc8	336	0.28888032567920163
breakout_1656253812_89b07dc8	338	0.417194047535304
breakout_1656253812_89b07dc8	341	0.2937080404954031
breakout_1656253812_89b07dc8	343	0.35952350607840344
breakout_1656253812_89b07dc8	346	0.21452976309228688
breakout_1656253812_89b07dc8	348	0.3387509658350609
breakout_1656253812_89b07dc8	351	0.27115660056006163
breakout_1656253812_89b07dc8	353	0.2628594144480303
breakout_1656253812_89b07dc8	356	0.5401618499890901
breakout_1656253812_89b07dc8	358	0.22520664252806455
breakout_1656253812_89b07dc8	361	0.3178289048955776
breakout_1656253812_89b07dc8	363	0.32566806918475777
breakout_1656253812_89b07dc8	366	0.2831479344749823
breakout_1656253812_89b07dc8	369	0.37925809813896194
breakout_1656253812_89b07dc8	371	0.38648471247870475
breakout_1656253812_89b07dc8	374	0.45749973005149513
breakout_1656253812_89b07dc8	376	0.3056490074377507
breakout_1656253812_89b07dc8	379	0.1841318430379033
breakout_1656253812_89b07dc8	381	0.23213043564464897
breakout_1656253812_89b07dc8	384	0.2578077787766233
breakout_1656253812_89b07dc8	386	0.6609509390546009
breakout_1656253812_89b07dc8	389	0.3170086321188137
breakout_1656253812_89b07dc8	391	0.2940909821772948
breakout_1656253812_89b07dc8	394	0.3542186244158074
breakout_1656253812_89b07dc8	396	39.608749602135504
breakout_1656253812_89b07dc8	399	0.26738705101888627
breakout_1656253812_89b07dc8	402	0.29999022925039753
breakout_1656253812_89b07dc8	404	0.2410191577509977
breakout_1656253812_89b07dc8	407	0.29403891385300085
breakout_1656253812_89b07dc8	409	0.30690113324089907
breakout_1656253812_89b07dc8	412	0.3780483127338812
breakout_1656253812_89b07dc8	414	0.258003372233361
breakout_1656253812_89b07dc8	417	0.19870259013259783
breakout_1656253812_89b07dc8	419	0.34722378570586443
breakout_1656253812_89b07dc8	422	0.14732341171475127
breakout_1656253812_89b07dc8	424	0.2748423029552214
breakout_1656253812_89b07dc8	427	0.3791679040296003
breakout_1656253812_89b07dc8	429	0.25877208512974903
breakout_1656253812_89b07dc8	432	0.2349138316931203
breakout_1656253812_89b07dc8	434	0.41344095062231645
breakout_1656253812_89b07dc8	437	0.45287835254566744
breakout_1656253812_89b07dc8	440	0.3587702543591149
breakout_1656253812_89b07dc8	442	0.30726659134961665
breakout_1656253812_89b07dc8	445	0.3082350885379128
breakout_1656253812_89b07dc8	447	0.19919197951094247
breakout_1656253812_89b07dc8	450	0.1799505424569361
breakout_1656253812_89b07dc8	452	0.43529663467779756
breakout_1656253812_89b07dc8	455	0.34521611488889903
breakout_1656253812_89b07dc8	457	0.30765680357581005
breakout_1656253812_89b07dc8	460	0.4254048341535963
breakout_1656253812_89b07dc8	462	0.24187620705924928
breakout_1656253812_89b07dc8	465	0.31946734024677426
breakout_1656253812_89b07dc8	467	0.3915344186825678
breakout_1656253812_89b07dc8	470	0.3115609908127226
breakout_1656253812_89b07dc8	473	0.2015190542442724
breakout_1656253812_89b07dc8	475	0.2273993247654289
breakout_1656253812_89b07dc8	478	0.31093436054652557
breakout_1656253812_89b07dc8	480	0.3897661927039735
breakout_1656253812_89b07dc8	483	0.3086716116522439
breakout_1656253812_89b07dc8	485	0.3854320409009233
breakout_1656253812_89b07dc8	488	0.2520352850551717
breakout_1656253812_89b07dc8	490	0.35833686380647123
breakout_1656253812_89b07dc8	493	0.2686458838288672
breakout_1656253812_89b07dc8	495	0.3615660291397944
breakout_1656253812_89b07dc8	498	0.2213209587498568
breakout_1656253812_89b07dc8	500	0.4001674890751019
breakout_1656253812_89b07dc8	503	0.4175656719307881
breakout_1656253812_89b07dc8	506	0.4578810446546413
breakout_1656253812_89b07dc8	508	0.3808262140955776
breakout_1656253812_89b07dc8	511	0.30788385635241866
breakout_1656253812_89b07dc8	513	0.2861922981683165
breakout_1656253812_89b07dc8	516	0.39243312733015046
breakout_1656253812_89b07dc8	518	0.38412832777248695
breakout_1656253812_89b07dc8	521	0.3535919700516388
breakout_1656253812_89b07dc8	523	0.3591665293206461
breakout_1656253812_89b07dc8	526	0.408148045593407
breakout_1656253812_89b07dc8	528	0.41456007945816964
breakout_1656253812_89b07dc8	531	0.24713680607965216
breakout_1656253812_89b07dc8	533	0.4204998975619674
breakout_1656253812_89b07dc8	536	0.4418261907994747
breakout_1656253812_89b07dc8	539	0.2650662848027423
breakout_1656253812_89b07dc8	541	0.587937509699259
breakout_1656253812_89b07dc8	544	0.5530109615065157
breakout_1656253812_89b07dc8	546	0.45108974631875753
breakout_1656253812_89b07dc8	549	0.3677491671987809
breakout_1656253812_89b07dc8	551	0.5121577668469399
breakout_1656253812_89b07dc8	554	0.4000985092134215
breakout_1656253812_89b07dc8	556	0.3865243613254279
breakout_1656253812_89b07dc8	559	0.30113345163408667
breakout_1656253812_89b07dc8	561	0.3039212408475578
breakout_1656253812_89b07dc8	564	0.497998520557303
breakout_1656253812_89b07dc8	566	0.20267425186466426
breakout_1656253812_89b07dc8	569	0.40594602754572406
breakout_1656253812_89b07dc8	572	0.201236289460212
breakout_1656253812_89b07dc8	574	0.315552364627365
breakout_1656253812_89b07dc8	577	0.30532417172798887
breakout_1656253812_89b07dc8	579	0.23360209970269352
breakout_1656253812_89b07dc8	582	0.23964008322218433
breakout_1656253812_89b07dc8	584	0.3734199174796231
breakout_1656253812_89b07dc8	587	0.2670070619205944
breakout_1656253812_89b07dc8	589	0.2678765058517456
breakout_1656253812_89b07dc8	592	0.33405596535885707
breakout_1656253812_89b07dc8	594	0.4309863599482924
breakout_1656253812_89b07dc8	597	0.2072180394316092
breakout_1656253812_89b07dc8	599	0.3218722765450366
breakout_1656253812_89b07dc8	602	0.27821827988373116
breakout_1656253812_89b07dc8	605	0.5431946847238578
breakout_1656253812_89b07dc8	607	0.3935766879003495
breakout_1656253812_89b07dc8	610	0.33207263704389334
breakout_1656253812_89b07dc8	612	0.3484269662294537
breakout_1656253812_89b07dc8	615	0.35184688470326364
breakout_1656253812_89b07dc8	617	0.3357646764488891
breakout_1656253812_89b07dc8	620	0.3518312303349376
breakout_1656253812_89b07dc8	622	0.48710516502615064
breakout_1656253812_89b07dc8	625	0.3320907421875745
breakout_1656253812_89b07dc8	627	0.4275324911577627
breakout_1656253812_89b07dc8	630	0.5146982521982864
breakout_1656253812_89b07dc8	632	0.3887900515110232
breakout_1656253812_89b07dc8	635	0.23573904955992475
breakout_1656253812_89b07dc8	638	0.3329017990035936
breakout_1656253812_89b07dc8	640	0.37600170832592994
breakout_1656253812_89b07dc8	643	0.4059391134651378
breakout_1656253812_89b07dc8	645	0.3947485832613893
breakout_1656253812_89b07dc8	648	0.2875432684086263
breakout_1656253812_89b07dc8	650	0.30757792276563123
breakout_1656253812_89b07dc8	653	0.3116398630081676
breakout_1656253812_89b07dc8	655	0.3873511427664198
breakout_1656253812_89b07dc8	658	0.3342475348035805
breakout_1656253812_89b07dc8	660	0.3938480799552053
breakout_1656253812_89b07dc8	663	0.44832079007755965
breakout_1656253812_89b07dc8	665	0.24361239827703685
breakout_1656253812_89b07dc8	668	0.2546120441984385
breakout_1656253812_89b07dc8	671	0.23424234020058066
breakout_1656253812_89b07dc8	673	0.4767698188079521
breakout_1656253812_89b07dc8	676	0.3104411094682291
breakout_1656253812_89b07dc8	678	0.3324098907178268
breakout_1656253812_89b07dc8	681	0.4256005283095874
breakout_1656253812_89b07dc8	683	0.3004579916014336
breakout_1656253812_89b07dc8	686	0.37014607817400247
breakout_1656253812_89b07dc8	688	0.4278790936805308
breakout_1656253812_89b07dc8	691	0.23442589084152132
breakout_1656253812_89b07dc8	693	0.2327486909343861
breakout_1656253812_89b07dc8	696	0.405000883503817
breakout_1656253812_89b07dc8	698	0.3790674855117686
breakout_1656253812_89b07dc8	701	0.33201778563670814
breakout_1656253812_89b07dc8	704	0.45502412592759356
breakout_1656253812_89b07dc8	706	0.47203935781726614
breakout_1656253812_89b07dc8	709	0.4263149424805306
breakout_1656253812_89b07dc8	711	0.21186107397079468
breakout_1656253812_89b07dc8	714	0.4307982345344499
breakout_1656253812_89b07dc8	716	0.30802821170073
breakout_1656253812_89b07dc8	719	0.4995617466047406
breakout_1656253812_89b07dc8	721	0.3659750650404021
breakout_1656253812_89b07dc8	724	0.4590192675823346
breakout_1656253812_89b07dc8	726	0.31302742089610547
breakout_1656253812_89b07dc8	729	0.39719719759887084
breakout_1656253812_89b07dc8	731	0.456052532652393
breakout_1656253812_89b07dc8	734	0.34260095364879817
breakout_1656253812_89b07dc8	737	0.28781721310224384
breakout_1656253812_89b07dc8	739	0.32538170740008354
breakout_1656253812_89b07dc8	742	0.3312108919490129
breakout_1656253812_89b07dc8	744	0.29856848664348945
breakout_1656253812_89b07dc8	747	0.44517210638150573
breakout_1656253812_89b07dc8	749	0.3874111481709406
breakout_1656253812_89b07dc8	752	0.31399719195906073
breakout_1656253812_89b07dc8	754	0.4690248769475147
breakout_1656253812_89b07dc8	757	0.5474825651035644
breakout_1656253812_89b07dc8	759	0.49997095816070214
breakout_1656253812_89b07dc8	762	0.4872958500054665
breakout_1656253812_89b07dc8	764	0.491609939141199
breakout_1656253812_89b07dc8	767	0.48321840399876237
breakout_1656253812_89b07dc8	770	0.5401385506265797
breakout_1656253812_89b07dc8	772	0.4199570926139131
breakout_1656253812_89b07dc8	775	0.3035968238255009
breakout_1656253812_89b07dc8	777	0.4281687610782683
breakout_1656253812_89b07dc8	780	0.42059052526019514
breakout_1656253812_89b07dc8	782	0.5383713277988136
breakout_1656253812_89b07dc8	785	0.5688115435186774
breakout_1656253812_89b07dc8	787	0.2993333468330093
breakout_1656253812_89b07dc8	790	0.4366995380842127
breakout_1656253812_89b07dc8	792	0.37200618343194947
breakout_1656253812_89b07dc8	795	0.4281042100628838
breakout_1656253812_89b07dc8	797	0.42199792340397835
breakout_1656253812_89b07dc8	800	0.28633990517118946
breakout_1656253812_89b07dc8	803	0.3255468402057886
breakout_1656253812_89b07dc8	805	0.49761775112710893
breakout_1656253812_89b07dc8	808	0.45069120882544667
breakout_1656253812_89b07dc8	810	0.6843223846517503
breakout_1656253812_89b07dc8	813	0.40757906914222986
breakout_1656253812_89b07dc8	815	0.41639689775183797
breakout_1656253812_89b07dc8	818	0.40855084569193423
breakout_1656253812_89b07dc8	820	0.621769402641803
breakout_1656253812_89b07dc8	823	0.427180583588779
breakout_1656253812_89b07dc8	825	0.4589361463440582
breakout_1656253812_89b07dc8	828	0.5070760276867077
breakout_1656253812_89b07dc8	830	0.35752670152578503
breakout_1656253812_89b07dc8	833	0.25722584198229015
breakout_1656253812_89b07dc8	836	0.3203708460787311
breakout_1656253812_89b07dc8	838	0.43403297453187406
breakout_1656253812_89b07dc8	841	0.3281061052111909
breakout_1656253812_89b07dc8	843	0.37883934495039284
breakout_1656253812_89b07dc8	846	0.39325969154015183
breakout_1656253812_89b07dc8	848	0.732654562452808
breakout_1656253812_89b07dc8	851	0.28035719715990126
breakout_1656253812_89b07dc8	853	0.4977683052420616
breakout_1656253812_89b07dc8	856	0.6088095873128623
breakout_1656253812_89b07dc8	858	0.5212480020709336
breakout_1656253812_89b07dc8	861	0.40972546918783337
breakout_1656253812_89b07dc8	863	0.3906966205686331
breakout_1656253812_89b07dc8	866	0.48438836447894573
breakout_1656253812_89b07dc8	868	0.4044036684790626
breakout_1656253812_89b07dc8	871	0.4332531167892739
breakout_1656253812_89b07dc8	874	0.408386672148481
breakout_1656253812_89b07dc8	876	0.595166732207872
breakout_1656253812_89b07dc8	879	0.5402508410043083
breakout_1656253812_89b07dc8	881	0.5583968895953149
breakout_1656253812_89b07dc8	884	0.4817110487492755
breakout_1656253812_89b07dc8	886	0.5212591041927226
breakout_1656253812_89b07dc8	889	0.5386123828357086
breakout_1656253812_89b07dc8	891	0.40282599115744233
breakout_1656253812_89b07dc8	894	0.41544859344139695
breakout_1656253812_89b07dc8	896	0.3945747814141214
breakout_1656253812_89b07dc8	899	0.3823132006218657
breakout_1656253812_89b07dc8	901	0.2905803178437054
breakout_1656253812_89b07dc8	904	0.49642295751255006
breakout_1656253812_89b07dc8	907	0.4884421069873497
breakout_1656253812_89b07dc8	909	0.44953708886168897
breakout_1656253812_89b07dc8	912	0.34332925674971193
breakout_1656253812_89b07dc8	914	0.31556650320999324
breakout_1656253812_89b07dc8	917	0.4782347374712117
breakout_1656253812_89b07dc8	919	0.3682461017742753
breakout_1656253812_89b07dc8	922	0.2718448129016906
breakout_1656253812_89b07dc8	924	0.4717893258202821
breakout_1656253812_89b07dc8	927	0.6132178419502452
breakout_1656253812_89b07dc8	929	0.584718429716304
breakout_1656253812_89b07dc8	932	0.42261085426434875
breakout_1656253812_89b07dc8	934	0.5531251382781193
breakout_1656253812_89b07dc8	937	0.4413793209241703
breakout_1656253812_89b07dc8	940	0.2386718955822289
breakout_1656253812_89b07dc8	942	0.3380698843393475
breakout_1656253812_89b07dc8	945	0.4146713820518926
breakout_1656253812_89b07dc8	947	0.4672590213594958
breakout_1656253812_89b07dc8	950	0.5432994614820927
breakout_1656253812_89b07dc8	952	0.3994802167871967
breakout_1656253812_89b07dc8	955	0.6123344614170492
breakout_1656253812_89b07dc8	957	0.47147720493376255
breakout_1656253812_89b07dc8	960	0.38680769654456526
breakout_1656253812_89b07dc8	962	0.4528220050269738
breakout_1656253812_89b07dc8	965	0.6711839257623069
breakout_1656253812_89b07dc8	967	0.40525278355926275
breakout_1656253812_89b07dc8	970	0.6018022655043751
breakout_1656253812_89b07dc8	973	0.356740313465707
breakout_1656253812_89b07dc8	975	0.3565605530748144
breakout_1656253812_89b07dc8	978	0.304758538142778
breakout_1656253812_89b07dc8	980	0.44500745576806366
breakout_1656253812_89b07dc8	983	0.24677014537155628
breakout_1656253812_89b07dc8	985	0.3523584904614836
breakout_1656253812_89b07dc8	988	0.36078904068563133
breakout_1656253812_89b07dc8	990	0.49562216841150075
breakout_1656253812_89b07dc8	993	0.4025541765149683
breakout_1656253812_89b07dc8	995	0.5110577556770295
breakout_1656253812_89b07dc8	998	0.45609473856166005
breakout_1656253812_89b07dc8	1000	0.44495134509634227
breakout_1656253812_89b07dc8	1003	0.46974894031882286
breakout_1656253812_89b07dc8	1006	41.50082737969933
breakout_1656253812_89b07dc8	1008	0.42328011442441493
breakout_1656253812_89b07dc8	1011	0.46126594726229087
breakout_1656253812_89b07dc8	1013	0.5192623417824507
breakout_1656253812_89b07dc8	1016	0.4100709860213101
breakout_1656253812_89b07dc8	1018	0.5988986219745129
breakout_1656253812_89b07dc8	1021	0.22992991202045232
breakout_1656253812_89b07dc8	1023	0.2143014094326645
breakout_1656253812_89b07dc8	1026	0.2354512041201815
breakout_1656253812_89b07dc8	1028	0.46739983069710433
breakout_1656253812_89b07dc8	1031	0.3194962708512321
breakout_1656253812_89b07dc8	1033	0.44481972022913396
breakout_1656253812_89b07dc8	1036	0.24284148402512074
breakout_1656253812_89b07dc8	1039	0.3561734779505059
breakout_1656253812_89b07dc8	1041	0.5146124031161889
breakout_1656253812_89b07dc8	1044	0.6131977578625083
breakout_1656253812_89b07dc8	1046	0.2601436040131375
breakout_1656253812_89b07dc8	1049	0.44652309676166624
breakout_1656253812_89b07dc8	1051	0.4346559033729136
breakout_1656253812_89b07dc8	1054	0.5633453136542812
breakout_1656253812_89b07dc8	1056	0.3801319969352335
breakout_1656253812_89b07dc8	1059	0.515760451904498
breakout_1656253812_89b07dc8	1061	0.48589367081876844
breakout_1656253812_89b07dc8	1064	0.5844819165067747
breakout_1656253812_89b07dc8	1066	0.46909396222326905
breakout_1656253812_89b07dc8	1069	0.3264665196184069
breakout_1656253812_89b07dc8	1072	0.346860435558483
breakout_1656253812_89b07dc8	1074	0.56133749242872
breakout_1656253812_89b07dc8	1077	0.37992179312277585
breakout_1656253812_89b07dc8	1079	0.6091682579135522
breakout_1656253812_89b07dc8	1082	0.2716200817376375
breakout_1656253812_89b07dc8	1084	0.6183615238405764
breakout_1656253812_89b07dc8	1087	0.6369626123923808
breakout_1656253812_89b07dc8	1089	0.4477111640153453
breakout_1656253812_89b07dc8	1092	0.5288637251360342
breakout_1656253812_89b07dc8	1094	0.5688266195356846
breakout_1656253812_89b07dc8	1097	0.31646373390685767
breakout_1656253812_89b07dc8	1099	0.4635374302743003
breakout_1656253812_89b07dc8	1102	0.5925997929880396
breakout_1656253812_89b07dc8	1105	0.3214368441258557
breakout_1656253812_89b07dc8	1107	0.3928514061262831
breakout_1656253812_89b07dc8	1110	0.45670581806916744
breakout_1656253812_89b07dc8	1112	0.32470125530380756
breakout_1656253812_89b07dc8	1115	0.4939088794635609
breakout_1656253812_89b07dc8	1117	0.6556265185354277
breakout_1656253812_89b07dc8	1120	0.46149827912449837
breakout_1656253812_89b07dc8	1122	0.58999933215091
breakout_1656253812_89b07dc8	1125	0.4960773938219063
breakout_1656253812_89b07dc8	1127	0.5337159299524501
breakout_1656253812_89b07dc8	1130	0.5951377769233659
breakout_1656253812_89b07dc8	1132	0.34243395586963743
breakout_1656253812_89b07dc8	1135	0.2718201801762916
breakout_1656253812_89b07dc8	1138	0.3932772692060098
breakout_1656253812_89b07dc8	1140	0.39969103527255356
breakout_1656253812_89b07dc8	1143	0.3916165441623889
breakout_1656253812_89b07dc8	1145	0.360031568154227
breakout_1656253812_89b07dc8	1148	0.2459531020722352
breakout_1656253812_89b07dc8	1150	0.30784809845499694
breakout_1656253812_89b07dc8	1153	0.3117361514014192
breakout_1656253812_89b07dc8	1155	0.3359264138271101
breakout_1656253812_89b07dc8	1158	0.4802697119885124
breakout_1656253812_89b07dc8	1160	0.4246043357416056
breakout_1656253812_89b07dc8	1163	0.4305041523766704
breakout_1656253812_89b07dc8	1165	0.5925234527676366
breakout_1656253812_89b07dc8	1168	0.44153329328401014
breakout_1656253812_89b07dc8	1171	0.3319661013374571
breakout_1656253812_89b07dc8	1173	0.4446983056841418
breakout_1656253812_89b07dc8	1176	0.43340826529311016
breakout_1656253812_89b07dc8	1178	0.5424736998975277
breakout_1656253812_89b07dc8	1181	0.5310412038816139
breakout_1656253812_89b07dc8	1183	0.5577853162540123
breakout_1656253812_89b07dc8	1186	0.3154718217556365
breakout_1656253812_89b07dc8	1188	0.3044805213576183
breakout_1656253812_89b07dc8	1191	0.486430193297565
breakout_1656253812_89b07dc8	1193	0.4331722218776122
breakout_1656253812_89b07dc8	1196	0.4502494370099157
breakout_1656253812_89b07dc8	1198	0.40546396817080677
breakout_1656253812_89b07dc8	1201	0.46450856718001887
breakout_1656253812_89b07dc8	1204	0.4340544050792232
breakout_1656253812_89b07dc8	1206	0.5369965435820632
breakout_1656253812_89b07dc8	1209	0.35818607441615313
breakout_1656253812_89b07dc8	1211	0.3465946011710912
breakout_1656253812_89b07dc8	1214	0.4293783993925899
breakout_1656253812_89b07dc8	1216	0.2938410370843485
breakout_1656253812_89b07dc8	1219	0.3929233403177932
breakout_1656253812_89b07dc8	1221	0.473423984949477
breakout_1656253812_89b07dc8	1224	0.43915759335504845
breakout_1656253812_89b07dc8	1226	0.31881295528728515
breakout_1656253812_89b07dc8	1229	0.367744222516194
breakout_1656253812_89b07dc8	1231	0.5507625109748915
breakout_1656253812_89b07dc8	1234	30.12460637500044
breakout_1656253812_89b07dc8	1237	0.23245624377159402
breakout_1656253812_89b07dc8	1239	0.27439480199245736
breakout_1656253812_89b07dc8	1242	0.25456655403831974
breakout_1656253812_89b07dc8	1244	0.2518630455597304
breakout_1656253812_89b07dc8	1247	0.22428387100808322
breakout_1656253812_89b07dc8	1249	0.207262440409977
breakout_1656253812_89b07dc8	1252	0.3474470273067709
breakout_1656253812_89b07dc8	1254	0.2870294827152975
breakout_1656253812_89b07dc8	1257	0.32972603157395497
breakout_1656253812_89b07dc8	1259	0.2795778224244714
breakout_1656253812_89b07dc8	1262	0.2765048760920763
breakout_1656253812_89b07dc8	1264	0.20154282258590683
breakout_1656253812_89b07dc8	1267	0.24337747297249734
breakout_1656253812_89b07dc8	1269	0.49937477757339366
breakout_1656253812_89b07dc8	1272	0.22114904556656256
breakout_1656253812_89b07dc8	1275	0.45676653314149007
breakout_1656253812_89b07dc8	1277	0.39530901482794434
breakout_1656253812_89b07dc8	1280	0.37101721635553986
breakout_1656253812_89b07dc8	1282	0.22162806504638866
breakout_1656253812_89b07dc8	1285	0.4510072245611809
breakout_1656253812_89b07dc8	1287	0.35699526232201606
breakout_1656253812_89b07dc8	1290	0.49826536065666005
breakout_1656253812_89b07dc8	1292	0.3618673660675995
breakout_1656253812_89b07dc8	1295	0.381964597501792
breakout_1656253812_89b07dc8	1297	0.3671397272555623
breakout_1656253812_89b07dc8	1300	0.40321987034985796
breakout_1656253812_89b07dc8	1302	0.43438769940985367
breakout_1656253812_89b07dc8	1305	0.30634284537518397
breakout_1656253812_89b07dc8	1308	0.47230205131927505
breakout_1656253812_89b07dc8	1310	0.4197885998291895
breakout_1656253812_89b07dc8	1313	0.46689244674053043
breakout_1656253812_89b07dc8	1315	0.3226098529412411
breakout_1656253812_89b07dc8	1318	0.28147213452029973
breakout_1656253812_89b07dc8	1320	0.5061061213782523
breakout_1656253812_89b07dc8	1323	0.2774845561943948
breakout_1656253812_89b07dc8	1325	0.3159470622194931
breakout_1656253812_89b07dc8	1328	0.3880719427834265
breakout_1656253812_89b07dc8	1330	0.35260406945599243
breakout_1656253812_89b07dc8	1333	0.3153018008451909
breakout_1656253812_89b07dc8	1335	0.26334370498079807
breakout_1656253812_89b07dc8	1338	0.39605054748244584
breakout_1656253812_89b07dc8	1341	0.32653629855485633
breakout_1656253812_89b07dc8	1343	0.34803371503949165
breakout_1656253812_89b07dc8	1346	0.3488131641643122
breakout_1656253812_89b07dc8	1348	0.4424636723706499
breakout_1656253812_89b07dc8	1351	0.47874023421900347
breakout_1656253812_89b07dc8	1353	0.2187218121252954
breakout_1656253812_89b07dc8	1356	0.15443502442212775
breakout_1656253812_89b07dc8	1358	0.47154042223701254
breakout_1656253812_89b07dc8	1361	0.28536903962958604
breakout_1656253812_89b07dc8	1363	0.3090254650451243
breakout_1656253812_89b07dc8	1366	0.3808543154736981
breakout_1656253812_89b07dc8	1368	0.22078499669441953
breakout_1656253812_89b07dc8	1371	0.3026819898514077
breakout_1656253812_89b07dc8	1374	0.3856364699022379
breakout_1656253812_89b07dc8	1376	0.3576649271999486
breakout_1656253812_89b07dc8	1379	0.4084745547734201
breakout_1656253812_89b07dc8	1381	0.34550316468812525
breakout_1656253812_89b07dc8	1384	0.32631125865736976
breakout_1656253812_89b07dc8	1386	0.2561365672154352
breakout_1656253812_89b07dc8	1389	0.2909836762701161
breakout_1656253812_89b07dc8	1391	0.24146264599403366
breakout_1656253812_89b07dc8	1394	0.3538201794726774
breakout_1656253812_89b07dc8	1396	0.3623187079792842
breakout_1656253812_89b07dc8	1399	0.3941989843151532
breakout_1656253812_89b07dc8	1401	0.3040326898917556
breakout_1656253812_89b07dc8	1404	0.4150137943215668
breakout_1656253812_89b07dc8	1407	0.4086491843336262
breakout_1656253812_89b07dc8	1409	0.3008913282537833
breakout_1656253812_89b07dc8	1412	0.3636475357343443
breakout_1656253812_89b07dc8	1414	0.40575517556862906
breakout_1656253812_89b07dc8	1417	0.4466269265394658
breakout_1656253812_89b07dc8	1419	0.421434924879577
breakout_1656253812_89b07dc8	1422	0.39662178710568696
breakout_1656253812_89b07dc8	1424	0.430147576960735
breakout_1656253812_89b07dc8	1427	0.44581819931045175
breakout_1656253812_89b07dc8	1429	0.5541872290777974
breakout_1656253812_89b07dc8	1432	0.5065537436748855
breakout_1656253812_89b07dc8	1434	0.3689196015475318
breakout_1656253812_89b07dc8	1437	0.36821251368382946
breakout_1656253812_89b07dc8	1440	0.2874535539885983
breakout_1656253812_89b07dc8	1442	0.49652390531264246
breakout_1656253812_89b07dc8	1445	0.41784074931638315
breakout_1656253812_89b07dc8	1447	0.276325102255214
breakout_1656253812_89b07dc8	1450	0.2989320867927745
breakout_1656253812_89b07dc8	1452	0.44134981493698433
breakout_1656253812_89b07dc8	1455	0.5142684312304482
breakout_1656253812_89b07dc8	1457	0.4985464141936973
breakout_1656253812_89b07dc8	1460	0.4814502949011512
breakout_1656253812_89b07dc8	1462	0.5532634145347401
breakout_1656253812_89b07dc8	1465	0.324935209704563
breakout_1656253812_89b07dc8	1467	0.45776869379915297
breakout_1656253812_89b07dc8	1470	0.5244972770451568
breakout_1656253812_89b07dc8	1473	0.5962857864797115
breakout_1656253812_89b07dc8	1475	0.4872681855340488
breakout_1656253812_89b07dc8	1478	0.2821994395926595
breakout_1656253812_89b07dc8	1480	0.5975527772679925
breakout_1656253812_89b07dc8	1483	0.5847649448551238
breakout_1656253812_89b07dc8	1485	0.38394323410466313
breakout_1656253812_89b07dc8	1488	0.5134446870069951
breakout_1656253812_89b07dc8	1490	0.5065400940948166
breakout_1656253812_89b07dc8	1493	0.3532717080670409
breakout_1656253812_89b07dc8	1495	0.4496976808295585
breakout_1656253812_89b07dc8	1498	0.37440528196748346
breakout_1656253812_89b07dc8	1500	0.435889303451404
breakout_1656253812_89b07dc8	1503	0.5004659157712013
breakout_1656253812_89b07dc8	1506	0.36879660363774747
breakout_1656253812_89b07dc8	1508	0.2642668759217486
breakout_1656253812_89b07dc8	1511	0.4705516496906057
breakout_1656253812_89b07dc8	1513	0.5487577857566066
breakout_1656253812_89b07dc8	1516	0.44429499038960785
breakout_1656253812_89b07dc8	1518	0.524120545887854
breakout_1656253812_89b07dc8	1521	0.4350687308469787
breakout_1656253812_89b07dc8	1523	0.2581093014450744
breakout_1656253812_89b07dc8	1526	0.5248543557827361
breakout_1656253812_89b07dc8	1528	0.35060340829659253
breakout_1656253812_89b07dc8	1531	0.4363178499042988
breakout_1656253812_89b07dc8	1533	0.3060882827267051
breakout_1656253812_89b07dc8	1536	0.486849220644217
breakout_1656253812_89b07dc8	1539	0.410697857150808
breakout_1656253812_89b07dc8	1541	0.40404761873651296
breakout_1656253812_89b07dc8	1544	0.4847512951819226
breakout_1656253812_89b07dc8	1546	0.5191673741210252
breakout_1656253812_89b07dc8	1549	0.4974567503668368
breakout_1656253812_89b07dc8	1551	0.3611294354777783
breakout_1656253812_89b07dc8	1554	0.42909865389810875
breakout_1656253812_89b07dc8	1556	0.38628411141689867
breakout_1656253812_89b07dc8	1559	0.6362890170421451
breakout_1656253812_89b07dc8	1561	0.4637245161575265
breakout_1656253812_89b07dc8	1564	0.28535700973588973
breakout_1656253812_89b07dc8	1566	0.42263043811544776
breakout_1656253812_89b07dc8	1569	0.46758837497327477
breakout_1656253812_89b07dc8	1572	0.46567226469051093
breakout_1656253812_89b07dc8	1574	0.4346926942234859
breakout_1656253812_89b07dc8	1577	0.43552055838517845
breakout_1656253812_89b07dc8	1579	0.4341400506091304
breakout_1656253812_89b07dc8	1582	0.42243059363681823
breakout_1656253812_89b07dc8	1584	0.4444080972461961
breakout_1656253812_89b07dc8	1587	0.3106821746332571
breakout_1656253812_89b07dc8	1589	0.4375747170415707
breakout_1656253812_89b07dc8	1592	0.5006238369969651
breakout_1656253812_89b07dc8	1594	0.3454321129829623
breakout_1656253812_89b07dc8	1597	0.5554982185130939
breakout_1656253812_89b07dc8	1599	0.40124261035816744
breakout_1656253812_89b07dc8	1602	0.5051333035808057
breakout_1656253812_89b07dc8	1605	0.4333972499589436
breakout_1656253812_89b07dc8	1607	0.3804458993836306
breakout_1656253812_89b07dc8	1610	0.4695958193624392
breakout_1656253812_89b07dc8	1612	0.4470267655560747
breakout_1656253812_89b07dc8	1615	0.5195075792726129
breakout_1656253812_89b07dc8	1617	0.36519177188165486
breakout_1656253812_89b07dc8	1620	0.4951806682511233
breakout_1656253812_89b07dc8	1622	0.5598576922202483
breakout_1656253812_89b07dc8	1625	0.31570727413054556
breakout_1656253812_89b07dc8	1627	0.3861738062114455
breakout_1656253812_89b07dc8	1630	0.43760729616042227
breakout_1656253812_89b07dc8	1632	0.5307201069081202
breakout_1656253812_89b07dc8	1635	0.503232496092096
breakout_1656253812_89b07dc8	1638	0.4507357816910371
breakout_1656253812_89b07dc8	1640	0.4652415811433457
breakout_1656253812_89b07dc8	1643	0.5345617266139016
breakout_1656253812_89b07dc8	1645	0.5123152356827632
breakout_1656253812_89b07dc8	1648	0.4658095095655881
breakout_1656253812_89b07dc8	1650	0.46793383872136474
breakout_1656253812_89b07dc8	1653	0.27936046541435644
breakout_1656253812_89b07dc8	1655	0.44746117177419364
breakout_1656253812_89b07dc8	1658	0.5879944119369611
breakout_1656253812_89b07dc8	1660	0.6715380307286978
breakout_1656253812_89b07dc8	1663	0.47988000593613833
breakout_1656253812_89b07dc8	1665	0.6125282944412902
breakout_1656253812_89b07dc8	1668	0.6553223230876029
breakout_1656253812_89b07dc8	1671	0.5668599113123491
breakout_1656253812_89b07dc8	1673	0.3959046802483499
breakout_1656253812_89b07dc8	1676	0.5667659752070904
breakout_1656253812_89b07dc8	1678	0.5266089055221528
breakout_1656253812_89b07dc8	1681	0.634791333694011
breakout_1656253812_89b07dc8	1683	0.7236637374153361
breakout_1656253812_89b07dc8	1686	0.6898261134047061
breakout_1656253812_89b07dc8	1688	0.4759282636223361
breakout_1656253812_89b07dc8	1691	0.44331117474939674
breakout_1656253812_89b07dc8	1693	0.6602313901530579
breakout_1656253812_89b07dc8	1696	0.40255542704835534
breakout_1656253812_89b07dc8	1698	0.7029765136539936
breakout_1656253812_89b07dc8	1701	0.6414928302401677
breakout_1656253812_89b07dc8	1703	0.48914178379345685
breakout_1656253812_89b07dc8	1706	0.8191864107502624
breakout_1656253812_89b07dc8	1709	0.5936818418558687
breakout_1656253812_89b07dc8	1711	0.6688557938905433
breakout_1656253812_89b07dc8	1714	0.5975447772070765
breakout_1656253812_89b07dc8	1716	0.5816450652200729
breakout_1656253812_89b07dc8	1719	0.4387997613521293
breakout_1656253812_89b07dc8	1721	0.5660953696351498
breakout_1656253812_89b07dc8	1724	0.4078418522840366
breakout_1656253812_89b07dc8	1726	0.5962379983393475
breakout_1656253812_89b07dc8	1729	0.4292661015642807
breakout_1656253812_89b07dc8	1731	0.5015878103440627
breakout_1656253812_89b07dc8	1734	0.4419365625362843
breakout_1656253812_89b07dc8	1736	0.5503548514097929
breakout_1656253812_89b07dc8	1739	37.53430379036581
breakout_1656253812_89b07dc8	1742	0.5476633658399805
breakout_1656253812_89b07dc8	1744	0.4503938592970371
breakout_1656253812_89b07dc8	1747	0.39469190960517153
breakout_1656253812_89b07dc8	1749	0.38647392694838345
breakout_1656253812_89b07dc8	1752	0.36586000211536884
breakout_1656253812_89b07dc8	1754	0.39778970542829484
breakout_1656253812_89b07dc8	1757	0.3751856106100604
breakout_1656253812_89b07dc8	1759	0.30765250796684995
breakout_1656253812_89b07dc8	1762	0.335875904886052
breakout_1656253812_89b07dc8	1764	0.3513300591148436
breakout_1656253812_89b07dc8	1767	0.3129954910837114
breakout_1656253812_89b07dc8	1769	0.3634314192458987
breakout_1656253812_89b07dc8	1772	0.5731480389367789
breakout_1656253812_89b07dc8	1775	0.4655495946062729
breakout_1656253812_89b07dc8	1777	0.5446559642441571
breakout_1656253812_89b07dc8	1780	0.46917300671339035
breakout_1656253812_89b07dc8	1782	0.46370600420050323
breakout_1656253812_89b07dc8	1785	0.3837228392949328
breakout_1656253812_89b07dc8	1787	0.7002448130515404
breakout_1656253812_89b07dc8	1790	0.6344169047661126
breakout_1656253812_89b07dc8	1792	0.43816481716930866
breakout_1656253812_89b07dc8	1795	0.5224732598871924
breakout_1656253812_89b07dc8	1797	0.3642569411313161
breakout_1656253812_89b07dc8	1800	0.47797407617326826
breakout_1656253812_89b07dc8	1802	0.47238474001642317
breakout_1656253812_89b07dc8	1805	0.4646957654040307
breakout_1656253812_89b07dc8	1808	0.5401386427693069
breakout_1656253812_89b07dc8	1810	0.577045998070389
breakout_1656253812_89b07dc8	1813	0.4666785385925323
breakout_1656253812_89b07dc8	1815	0.8154099863022566
breakout_1656253812_89b07dc8	1818	0.5473068092251197
breakout_1656253812_89b07dc8	1820	0.3778695218497887
breakout_1656253812_89b07dc8	1823	0.6433408304583281
breakout_1656253812_89b07dc8	1825	0.5228497581556439
breakout_1656253812_89b07dc8	1828	0.45848633721470833
breakout_1656253812_89b07dc8	1830	0.5264200096717104
breakout_1656253812_89b07dc8	1833	0.4511462536174804
breakout_1656253812_89b07dc8	1835	0.38169708487112075
breakout_1656253812_89b07dc8	1838	0.3548985483357683
breakout_1656253812_89b07dc8	1841	0.7283314460655674
breakout_1656253812_89b07dc8	1843	0.805082856444642
breakout_1656253812_89b07dc8	1846	0.5320141110569239
breakout_1656253812_89b07dc8	1848	0.45641491864807904
breakout_1656253812_89b07dc8	1851	0.4625581366708502
breakout_1656253812_89b07dc8	1853	0.5329796720761806
breakout_1656253812_89b07dc8	1856	0.33791820530314
breakout_1656253812_89b07dc8	1858	0.6607816118048504
breakout_1656253812_89b07dc8	1861	0.4965234186965972
breakout_1656253812_89b07dc8	1863	0.7108928422676399
breakout_1656253812_89b07dc8	1866	0.6319345362717286
breakout_1656253812_89b07dc8	1868	0.3766313017113134
breakout_1656253812_89b07dc8	1871	0.60602187726181
breakout_1656253812_89b07dc8	1874	0.5251896030385979
breakout_1656253812_89b07dc8	1876	0.4183655879460275
breakout_1656253812_89b07dc8	1879	0.44829448172822595
breakout_1656253812_89b07dc8	1881	0.6081799189560115
breakout_1656253812_89b07dc8	1884	0.558939800481312
breakout_1656253812_89b07dc8	1886	0.9126250606495887
breakout_1656253812_89b07dc8	1889	0.6642118960153311
breakout_1656253812_89b07dc8	1891	0.5863917720271274
breakout_1656253812_89b07dc8	1894	0.6036275820806623
breakout_1656253812_89b07dc8	1896	37.50300943743787
breakout_1656253812_89b07dc8	1899	0.4661459589842707
breakout_1656253812_89b07dc8	1901	0.3300564927048981
breakout_1656253812_89b07dc8	1904	0.45468652638373896
breakout_1656253812_89b07dc8	1907	0.4185293755726889
breakout_1656253812_89b07dc8	1909	0.38906869920901954
breakout_1656253812_89b07dc8	1912	0.3364303594571538
breakout_1656253812_89b07dc8	1914	0.5353676604572684
breakout_1656253812_89b07dc8	1917	0.3554138703038916
breakout_1656253812_89b07dc8	1919	0.31378069962374866
breakout_1656253812_89b07dc8	1922	0.3030119928298518
breakout_1656253812_89b07dc8	1924	0.4400489534600638
breakout_1656253812_89b07dc8	1927	0.34283810935448855
breakout_1656253812_89b07dc8	1929	0.4085740363225341
breakout_1656253812_89b07dc8	1932	0.3258940883097239
breakout_1656253812_89b07dc8	1934	0.380270226043649
breakout_1656253812_89b07dc8	1937	0.44600864517269656
breakout_1656253812_89b07dc8	1940	0.43052198796067387
breakout_1656253812_89b07dc8	1942	0.36487844472867437
breakout_1656253812_89b07dc8	1945	0.498271316755563
breakout_1656253812_89b07dc8	1947	0.34370436827884987
breakout_1656253812_89b07dc8	1950	0.33216120273573324
breakout_1656253812_89b07dc8	1952	0.3388696577749215
breakout_1656253812_89b07dc8	1955	0.7251002398552373
breakout_1656253812_89b07dc8	1957	0.4622103906585835
breakout_1656253812_89b07dc8	1960	0.5194713301025331
breakout_1656253812_89b07dc8	1962	0.572937922028359
breakout_1656253812_89b07dc8	1965	0.5323138400563039
breakout_1656253812_89b07dc8	1967	0.5777333940495737
breakout_1656253812_89b07dc8	1970	0.28635982010746375
breakout_1656253812_89b07dc8	1973	0.2907790463650599
breakout_1656253812_89b07dc8	1975	0.5337849191273563
breakout_1656253812_89b07dc8	1978	0.45267278293613344
breakout_1656253812_89b07dc8	1980	0.38560114172287285
breakout_1656253812_89b07dc8	1983	0.4569222570862621
breakout_1656253812_89b07dc8	1985	0.5716278615873307
breakout_1656253812_89b07dc8	1988	0.5349726708373055
breakout_1656253812_89b07dc8	1990	0.6740228162962012
breakout_1656253812_89b07dc8	1993	0.36454225407214835
breakout_1656253812_89b07dc8	1995	0.4226065341499634
breakout_1656253812_89b07dc8	1998	0.3445032356539741
breakout_1656253812_89b07dc8	2000	0.4097851910046302
breakout_1656253812_89b07dc8	2003	0.44884696911321953
breakout_1656253812_89b07dc8	2006	0.5254063695319928
breakout_1656253812_89b07dc8	2008	0.3859129684860818
breakout_1656253812_89b07dc8	2011	0.34916553704533726
breakout_1656253812_89b07dc8	2013	0.643171897274442
breakout_1656253812_89b07dc8	2016	0.6155041448655538
breakout_1656253812_89b07dc8	2018	0.3264196932432242
breakout_1656253812_89b07dc8	2021	0.3092834976268932
breakout_1656253812_89b07dc8	2023	0.5459991478128359
breakout_1656253812_89b07dc8	2026	0.5406594123342074
breakout_1656253812_89b07dc8	2028	0.37316453584935516
breakout_1656253812_89b07dc8	2031	0.43055013031698763
breakout_1656253812_89b07dc8	2033	0.4325479243416339
breakout_1656253812_89b07dc8	2036	0.5369024249957874
breakout_1656253812_89b07dc8	2039	0.4421829585917294
breakout_1656253812_89b07dc8	2041	0.48325674916850403
breakout_1656253812_89b07dc8	2044	0.7200094836880453
breakout_1656253812_89b07dc8	2046	0.45020562526769936
breakout_1656253812_89b07dc8	2049	0.6173302233801223
breakout_1656253812_89b07dc8	2051	0.6276732643018477
breakout_1656253812_89b07dc8	2054	0.5315882412251085
breakout_1656253812_89b07dc8	2056	0.7463635959429666
breakout_1656253812_89b07dc8	2059	0.36944761453196406
breakout_1656253812_89b07dc8	2061	34.64915467915125
breakout_1656253812_89b07dc8	2064	0.3488576404633932
breakout_1656253812_89b07dc8	2066	0.45621636538999155
breakout_1656253812_89b07dc8	2069	0.3831880726502277
breakout_1656253812_89b07dc8	2072	0.38900978275341913
breakout_1656253812_89b07dc8	2074	0.2577151174773462
breakout_1656253812_89b07dc8	2077	0.34388667991152033
breakout_1656253812_89b07dc8	2079	0.253831883543171
breakout_1656253812_89b07dc8	2082	0.24226267519406974
breakout_1656253812_89b07dc8	2084	0.538148513995111
breakout_1656253812_89b07dc8	2087	0.40738509900984354
breakout_1656253812_89b07dc8	2089	0.47419724508654326
breakout_1656253812_89b07dc8	2092	0.35473165597068146
breakout_1656253812_89b07dc8	2094	0.2804470448172651
breakout_1656253812_89b07dc8	2097	0.33819561381824315
breakout_1656253812_89b07dc8	2099	0.4297411200241186
breakout_1656253812_89b07dc8	2102	0.42132171179400757
breakout_1656253812_89b07dc8	2105	0.29631502798292786
breakout_1656253812_89b07dc8	2107	0.3659941481309943
breakout_1656253812_89b07dc8	2110	0.2492289217771031
breakout_1656253812_89b07dc8	2112	0.49916438991203904
breakout_1656253812_89b07dc8	2115	0.33605863264529034
breakout_1656253812_89b07dc8	2117	0.27807353250682354
breakout_1656253812_89b07dc8	2120	0.338500538142398
breakout_1656253812_89b07dc8	2122	0.4427233501628507
breakout_1656253812_89b07dc8	2125	0.3950830475660041
breakout_1656253812_89b07dc8	2127	0.4458919189637527
breakout_1656253812_89b07dc8	2130	0.6104562447289936
breakout_1656253812_89b07dc8	2132	0.49003162898588926
breakout_1656253812_89b07dc8	2135	0.37110872665653005
breakout_1656253812_89b07dc8	2137	0.4803957238327712
breakout_1656253812_89b07dc8	2140	0.482155486184638
breakout_1656253812_89b07dc8	2143	0.5059226163430139
breakout_1656253812_89b07dc8	2145	0.6111834833282046
breakout_1656253812_89b07dc8	2148	0.5288184566306882
breakout_1656253812_89b07dc8	2150	0.4844320409465581
breakout_1656253812_89b07dc8	2153	0.698105766728986
breakout_1656253812_89b07dc8	2155	0.496491132711526
breakout_1656253812_89b07dc8	2158	0.6831417716457509
breakout_1656253812_89b07dc8	2160	0.37928513693623245
breakout_1656253812_89b07dc8	2163	0.4103671287884936
breakout_1656253812_89b07dc8	2165	0.38147492456482723
breakout_1656253812_89b07dc8	2168	0.7129156008013524
breakout_1656253812_89b07dc8	2170	0.6904609502526
breakout_1656253812_89b07dc8	2173	0.5286249991622753
breakout_1656253812_89b07dc8	2176	0.663467770209536
breakout_1656253812_89b07dc8	2178	0.5192734187585302
breakout_1656253812_89b07dc8	2181	0.5274443256203085
breakout_1656253812_89b07dc8	2183	0.3852545248810202
breakout_1656253812_89b07dc8	2186	0.4796719300793484
breakout_1656253812_89b07dc8	2188	0.6904557971283793
breakout_1656253812_89b07dc8	2191	0.5853027087287046
breakout_1656253812_89b07dc8	2193	0.5642578643746674
breakout_1656253812_89b07dc8	2196	0.37819855712587014
breakout_1656253812_89b07dc8	2198	0.6187394454609603
breakout_1656253812_89b07dc8	2201	0.36310572555521503
breakout_1656253812_89b07dc8	2203	0.40922648971900344
breakout_1656253812_89b07dc8	2206	0.6843081017723307
breakout_1656253812_89b07dc8	2209	0.47235629986971617
breakout_1656253812_89b07dc8	2211	0.5076810543541797
breakout_1656253812_89b07dc8	2214	0.466300624422729
breakout_1656253812_89b07dc8	2216	0.4543819937389344
breakout_1656253812_89b07dc8	2219	0.5321087760967202
breakout_1656253812_89b07dc8	2221	0.5255020733457059
breakout_1656253812_89b07dc8	2224	0.6250825211755
breakout_1656253812_89b07dc8	2226	0.8044870389858261
breakout_1656253812_89b07dc8	2229	0.7727545475936495
breakout_1656253812_89b07dc8	2231	0.5546047646785155
breakout_1656253812_89b07dc8	2234	0.6752608886454254
breakout_1656253812_89b07dc8	2236	0.6190697355777957
breakout_1656253812_89b07dc8	2239	0.5367018543183804
breakout_1656253812_89b07dc8	2242	0.39672903425525874
breakout_1656253812_89b07dc8	2244	0.4464530437835492
breakout_1656253812_89b07dc8	2247	0.5200571129098535
breakout_1656253812_89b07dc8	2249	0.683331437932793
breakout_1656253812_89b07dc8	2252	0.5710608991794288
breakout_1656253812_89b07dc8	2254	0.44522868120111525
breakout_1656253812_89b07dc8	2257	0.5203347057104111
breakout_1656253812_89b07dc8	2259	0.7595124476356432
breakout_1656253812_89b07dc8	2262	0.3997531055356376
breakout_1656253812_89b07dc8	2264	0.5982469596201554
breakout_1656253812_89b07dc8	2267	0.5560500193969347
breakout_1656253812_89b07dc8	2269	0.4618527679122053
breakout_1656253812_89b07dc8	2272	0.581867893692106
breakout_1656253812_89b07dc8	2275	0.6528530654031783
breakout_1656253812_89b07dc8	2277	0.6630126990494318
breakout_1656253812_89b07dc8	2280	0.6438355391728692
breakout_1656253812_89b07dc8	2282	0.2959863735595718
breakout_1656253812_89b07dc8	2285	0.619559375802055
breakout_1656253812_89b07dc8	2287	0.45436572283506393
breakout_1656253812_89b07dc8	2290	0.5852849522489123
breakout_1656253812_89b07dc8	2292	0.5526638687588274
breakout_1656253812_89b07dc8	2295	0.482919828791637
breakout_1656253812_89b07dc8	2297	0.5196868818020448
breakout_1656253812_89b07dc8	2300	0.7903111877967604
breakout_1656253812_89b07dc8	2302	0.5628065270720981
breakout_1656253812_89b07dc8	2305	0.5498344529187307
breakout_1656253812_89b07dc8	2308	0.7520570802735165
breakout_1656253812_89b07dc8	2310	0.48428875755053014
breakout_1656253812_89b07dc8	2313	0.7828995120944455
breakout_1656253812_89b07dc8	2315	0.38580343208741397
breakout_1656253812_89b07dc8	2318	0.5398857603431679
breakout_1656253812_89b07dc8	2320	0.6542082884116098
breakout_1656253812_89b07dc8	2323	0.4863775755511597
breakout_1656253812_89b07dc8	2325	0.5980060186702758
breakout_1656253812_89b07dc8	2328	0.5068528346018866
breakout_1656253812_89b07dc8	2330	0.6687196782440878
breakout_1656253812_89b07dc8	2333	0.6779359108768404
breakout_1656253812_89b07dc8	2335	0.700153510493692
breakout_1656253812_89b07dc8	2338	0.61932383175008
breakout_1656253812_89b07dc8	2341	0.7168003370170482
breakout_1656253812_89b07dc8	2343	0.39410059701185673
breakout_1656253812_89b07dc8	2346	0.4821047089644708
breakout_1656253812_89b07dc8	2348	0.5556686277268454
breakout_1656253812_89b07dc8	2351	0.6629676384618506
breakout_1656253812_89b07dc8	2353	0.3048900517169386
breakout_1656253812_89b07dc8	2356	0.49152803502511233
breakout_1656253812_89b07dc8	2358	0.4752611367730424
breakout_1656253812_89b07dc8	2361	0.49369977484457195
breakout_1656253812_89b07dc8	2363	0.64175329398131
breakout_1656253812_89b07dc8	2366	0.26444422535132617
breakout_1656253812_89b07dc8	2368	0.37479055928997695
breakout_1656253812_89b07dc8	2371	0.759339188807644
breakout_1656253812_89b07dc8	2374	0.3276725895702839
breakout_1656253812_89b07dc8	2376	0.5470598100218922
breakout_1656253812_89b07dc8	2379	0.5520699096377939
breakout_1656253812_89b07dc8	2381	0.598104509525001
breakout_1656253812_89b07dc8	2384	0.5958023591665551
breakout_1656253812_89b07dc8	2386	0.67095907474868
breakout_1656253812_89b07dc8	2389	0.44070868205744773
breakout_1656253812_89b07dc8	2391	0.8048041488509625
breakout_1656253812_89b07dc8	2394	0.5660700788721442
breakout_1656253812_89b07dc8	2396	0.607754954311531
breakout_1656253812_89b07dc8	2399	0.650270233862102
breakout_1656253812_89b07dc8	2401	0.6526371485088021
breakout_1656253812_89b07dc8	2404	0.6877121728030033
breakout_1656253812_89b07dc8	2407	0.4480673428042792
breakout_1656253812_89b07dc8	2409	0.7891120841959491
breakout_1656253812_89b07dc8	2412	0.7391814617440104
breakout_1656253812_89b07dc8	2414	0.5881932435440831
breakout_1656253812_89b07dc8	2417	0.8468714618356898
breakout_1656253812_89b07dc8	2419	0.4636574506293982
breakout_1656253812_89b07dc8	2422	0.4559378268895671
breakout_1656253812_89b07dc8	2424	0.6471423937473446
breakout_1656253812_89b07dc8	2427	0.5702585460385308
breakout_1656253812_89b07dc8	2429	0.6939167052041739
breakout_1656253812_89b07dc8	2432	0.6105407025897875
breakout_1656253812_89b07dc8	2434	0.8523991635884158
breakout_1656253812_89b07dc8	2437	0.6871421531541273
breakout_1656253812_89b07dc8	2440	0.3504379376536235
breakout_1656253812_89b07dc8	2442	0.6586436927318573
breakout_1656253812_89b07dc8	2445	0.6547345713479444
breakout_1656253812_89b07dc8	2447	1.2164142682449892
breakout_1656253812_89b07dc8	2450	0.8488366748206317
breakout_1656253812_89b07dc8	2452	0.711963125388138
breakout_1656253812_89b07dc8	2455	0.5763339785044082
breakout_1656253812_89b07dc8	2457	0.7880635785404593
breakout_1656253812_89b07dc8	2460	0.6201022062450647
breakout_1656253812_89b07dc8	2462	1.0742026708321646
breakout_1656253812_89b07dc8	2465	0.5019216262735426
breakout_1656253812_89b07dc8	2467	0.5313146517146379
breakout_1656253812_89b07dc8	2470	0.5715107461437583
breakout_1656253812_89b07dc8	2473	0.5697384444065392
breakout_1656253812_89b07dc8	2475	0.5225741139147431
breakout_1656253812_89b07dc8	2478	0.7042137545067817
breakout_1656253812_89b07dc8	2480	0.7567376437364146
breakout_1656253812_89b07dc8	2483	0.7202799963997677
breakout_1656253812_89b07dc8	2485	0.661667708074674
breakout_1656253812_89b07dc8	2488	0.39043231890536845
breakout_1656253812_89b07dc8	2490	0.696469186921604
breakout_1656253812_89b07dc8	2493	0.7492647296749055
breakout_1656253812_89b07dc8	2495	0.6229624322149903
breakout_1656253812_89b07dc8	2498	0.7503803526051342
breakout_1656253812_89b07dc8	2500	0.5541557724354789
breakout_1656253812_89b07dc8	2503	0.5075603887671605
breakout_1656253812_89b07dc8	2506	0.5550437325146049
breakout_1656253812_89b07dc8	2508	0.7277706909226254
breakout_1656253812_89b07dc8	2511	0.3837516700150445
breakout_1656253812_89b07dc8	2513	0.6755555852432735
breakout_1656253812_89b07dc8	2516	0.8887591273523867
breakout_1656253812_89b07dc8	2518	0.530662264325656
breakout_1656253812_89b07dc8	2521	0.45231428020633757
breakout_1656253812_89b07dc8	2523	0.7118146223947406
breakout_1656253812_89b07dc8	2526	0.652551609557122
breakout_1656253812_89b07dc8	2528	0.5443627868662588
breakout_1656253812_89b07dc8	2531	0.5398333192570135
breakout_1656253812_89b07dc8	2533	0.6618363198358566
breakout_1656253812_89b07dc8	2536	0.7147921217838302