run_id	step	reward_sma
breakout_1656253812_89b07dc8	0	
breakout_1656253812_89b07dc8	3	0.42857142857142855
breakout_1656253812_89b07dc8	6	0.5
breakout_1656253812_89b07dc8	8	0.6
breakout_1656253812_89b07dc8	11	0.5833333333333334
breakout_1656253812_89b07dc8	14	0.6666666666666666
breakout_1656253812_89b07dc8	16	0.625
breakout_1656253812_89b07dc8	19	0.6
breakout_1656253812_89b07dc8	22	0.6190476190476191
breakout_1656253812_89b07dc8	24	0.625
breakout_1656253812_89b07dc8	27	0.64
breakout_1656253812_89b07dc8	30	0.7037037037037037
breakout_1656253812_89b07dc8	32	0.6896551724137931
breakout_1656253812_89b07dc8	35	0.6666666666666666
breakout_1656253812_89b07dc8	38	0.65625
breakout_1656253812_89b07dc8	40	0.6764705882352942
breakout_1656253812_89b07dc8	43	0.6944444444444444
breakout_1656253812_89b07dc8	46	0.6666666666666666
breakout_1656253812_89b07dc8	48	0.7272727272727273
breakout_1656253812_89b07dc8	51	0.8333333333333334
breakout_1656253812_89b07dc8	54	0.84
breakout_1656253812_89b07dc8	56	0.8392857142857143
breakout_1656253812_89b07dc8	59	0.85
breakout_1656253812_89b07dc8	62	0.9076923076923077
breakout_1656253812_89b07dc8	64	0.9285714285714286
breakout_1656253812_89b07dc8	67	1
breakout_1656253812_89b07dc8	70	0.9868421052631579
breakout_1656253812_89b07dc8	72	0.987012987012987
breakout_1656253812_89b07dc8	75	1.0227272727272727
breakout_1656253812_89b07dc8	78	1.0444444444444445
breakout_1656253812_89b07dc8	80	1.054945054945055
breakout_1656253812_89b07dc8	83	1.0543478260869565
breakout_1656253812_89b07dc8	86	1.0425531914893618
breakout_1656253812_89b07dc8	88	1.0315789473684212
breakout_1656253812_89b07dc8	91	1.0303030303030303
breakout_1656253812_89b07dc8	94	1.09
breakout_1656253812_89b07dc8	96	1.09
breakout_1656253812_89b07dc8	99	1.13
breakout_1656253812_89b07dc8	102	1.12
breakout_1656253812_89b07dc8	104	1.13
breakout_1656253812_89b07dc8	107	1.17
breakout_1656253812_89b07dc8	110	1.16
breakout_1656253812_89b07dc8	112	1.17
breakout_1656253812_89b07dc8	115	1.16
breakout_1656253812_89b07dc8	118	1.2
breakout_1656253812_89b07dc8	120	1.21
breakout_1656253812_89b07dc8	123	1.21
breakout_1656253812_89b07dc8	126	1.22
breakout_1656253812_89b07dc8	128	1.22
breakout_1656253812_89b07dc8	131	1.25
breakout_1656253812_89b07dc8	134	1.27
breakout_1656253812_89b07dc8	136	1.28
breakout_1656253812_89b07dc8	139	1.29
breakout_1656253812_89b07dc8	142	1.29
breakout_1656253812_89b07dc8	144	1.28
breakout_1656253812_89b07dc8	147	1.24
breakout_1656253812_89b07dc8	150	1.28
breakout_1656253812_89b07dc8	152	1.28
breakout_1656253812_89b07dc8	155	1.3
breakout_1656253812_89b07dc8	158	1.27
breakout_1656253812_89b07dc8	160	1.29
breakout_1656253812_89b07dc8	163	1.31
breakout_1656253812_89b07dc8	166	1.31
breakout_1656253812_89b07dc8	168	1.33
breakout_1656253812_89b07dc8	171	1.29
breakout_1656253812_89b07dc8	174	1.31
breakout_1656253812_89b07dc8	176	1.33
breakout_1656253812_89b07dc8	179	1.33
breakout_1656253812_89b07dc8	182	1.32
breakout_1656253812_89b07dc8	184	1.32
breakout_1656253812_89b07dc8	187	1.31
breakout_1656253812_89b07dc8	190	1.3
breakout_1656253812_89b07dc8	192	1.28
breakout_1656253812_89b07dc8	195	1.32
breakout_1656253812_89b07dc8	198	1.34
breakout_1656253812_89b07dc8	200	1.37
breakout_1656253812_89b07dc8	203	1.39
breakout_1656253812_89b07dc8	206	1.34
breakout_1656253812_89b07dc8	208	1.33
breakout_1656253812_89b07dc8	211	1.37
breakout_1656253812_89b07dc8	214	1.41
breakout_1656253812_89b07dc8	216	1.45
breakout_1656253812_89b07dc8	219	1.49
breakout_1656253812_89b07dc8	222	1.52
breakout_1656253812_89b07dc8	224	1.54
breakout_1656253812_89b07dc8	227	1.55
breakout_1656253812_89b07dc8	230	1.57
breakout_1656253812_89b07dc8	232	1.69
breakout_1656253812_89b07dc8	235	1.7
breakout_1656253812_89b07dc8	238	1.69
breakout_1656253812_89b07dc8	240	1.7
breakout_1656253812_89b07dc8	243	1.73
breakout_1656253812_89b07dc8	246	1.76
breakout_1656253812_89b07dc8	248	1.8
breakout_1656253812_89b07dc8	251	1.81
breakout_1656253812_89b07dc8	254	1.84
breakout_1656253812_89b07dc8	256	1.88
breakout_1656253812_89b07dc8	259	1.9
breakout_1656253812_89b07dc8	262	1.9
breakout_1656253812_89b07dc8	264	1.9
breakout_1656253812_89b07dc8	267	1.92
breakout_1656253812_89b07dc8	270	2.02
breakout_1656253812_89b07dc8	272	2.08
breakout_1656253812_89b07dc8	275	2.19
breakout_1656253812_89b07dc8	278	2.19
breakout_1656253812_89b07dc8	280	2.23
breakout_1656253812_89b07dc8	283	2.21
breakout_1656253812_89b07dc8	286	2.24
breakout_1656253812_89b07dc8	288	2.27
breakout_1656253812_89b07dc8	291	2.29
breakout_1656253812_89b07dc8	294	2.32
breakout_1656253812_89b07dc8	296	2.34
breakout_1656253812_89b07dc8	299	2.38
breakout_1656253812_89b07dc8	302	2.39
breakout_1656253812_89b07dc8	304	2.45
breakout_1656253812_89b07dc8	307	2.46
breakout_1656253812_89b07dc8	310	2.49
breakout_1656253812_89b07dc8	312	2.51
breakout_1656253812_89b07dc8	315	2.53
breakout_1656253812_89b07dc8	318	2.55
breakout_1656253812_89b07dc8	320	2.5
breakout_1656253812_89b07dc8	323	2.49
breakout_1656253812_89b07dc8	326	2.49
breakout_1656253812_89b07dc8	328	2.53
breakout_1656253812_89b07dc8	331	2.56
breakout_1656253812_89b07dc8	334	2.57
breakout_1656253812_89b07dc8	336	2.56
breakout_1656253812_89b07dc8	339	2.62
breakout_1656253812_89b07dc8	342	2.62
breakout_1656253812_89b07dc8	344	2.66
breakout_1656253812_89b07dc8	347	2.63
breakout_1656253812_89b07dc8	350	2.71
breakout_1656253812_89b07dc8	352	2.72
breakout_1656253812_89b07dc8	355	2.73
breakout_1656253812_89b07dc8	358	2.76
breakout_1656253812_89b07dc8	360	2.8
breakout_1656253812_89b07dc8	363	2.77
breakout_1656253812_89b07dc8	366	2.72
breakout_1656253812_89b07dc8	368	2.75
breakout_1656253812_89b07dc8	371	2.76
breakout_1656253812_89b07dc8	374	2.77
breakout_1656253812_89b07dc8	376	2.75
breakout_1656253812_89b07dc8	379	2.75
breakout_1656253812_89b07dc8	382	2.76
breakout_1656253812_89b07dc8	384	2.75
breakout_1656253812_89b07dc8	387	2.79
breakout_1656253812_89b07dc8	390	2.86
breakout_1656253812_89b07dc8	392	2.82
breakout_1656253812_89b07dc8	395	2.83
breakout_1656253812_89b07dc8	398	2.85
breakout_1656253812_89b07dc8	400	2.83
breakout_1656253812_89b07dc8	403	2.8
breakout_1656253812_89b07dc8	406	2.78
breakout_1656253812_89b07dc8	408	2.75
breakout_1656253812_89b07dc8	411	2.79
breakout_1656253812_89b07dc8	414	2.75
breakout_1656253812_89b07dc8	416	2.74
breakout_1656253812_89b07dc8	419	2.75
breakout_1656253812_89b07dc8	422	2.73
breakout_1656253812_89b07dc8	424	2.7
breakout_1656253812_89b07dc8	427	2.71
breakout_1656253812_89b07dc8	430	2.76
breakout_1656253812_89b07dc8	432	2.77
breakout_1656253812_89b07dc8	435	2.75
breakout_1656253812_89b07dc8	438	2.84
breakout_1656253812_89b07dc8	440	2.88
breakout_1656253812_89b07dc8	443	2.86
breakout_1656253812_89b07dc8	446	2.82
breakout_1656253812_89b07dc8	448	2.78
breakout_1656253812_89b07dc8	451	2.86
breakout_1656253812_89b07dc8	454	2.83
breakout_1656253812_89b07dc8	456	2.81
breakout_1656253812_89b07dc8	459	2.83
breakout_1656253812_89b07dc8	462	2.86
breakout_1656253812_89b07dc8	464	2.88
breakout_1656253812_89b07dc8	467	2.88
breakout_1656253812_89b07dc8	470	2.87
breakout_1656253812_89b07dc8	472	2.9
breakout_1656253812_89b07dc8	475	2.89
breakout_1656253812_89b07dc8	478	2.89
breakout_1656253812_89b07dc8	480	2.85
breakout_1656253812_89b07dc8	483	2.89
breakout_1656253812_89b07dc8	486	2.94
breakout_1656253812_89b07dc8	488	2.96
breakout_1656253812_89b07dc8	491	2.95
breakout_1656253812_89b07dc8	494	2.98
breakout_1656253812_89b07dc8	496	3.02
breakout_1656253812_89b07dc8	499	3.04
breakout_1656253812_89b07dc8	502	3.03
breakout_1656253812_89b07dc8	504	3.14
breakout_1656253812_89b07dc8	507	3.15
breakout_1656253812_89b07dc8	510	3.16
breakout_1656253812_89b07dc8	512	3.18
breakout_1656253812_89b07dc8	515	3.09
breakout_1656253812_89b07dc8	518	3.09
breakout_1656253812_89b07dc8	520	3.13
breakout_1656253812_89b07dc8	523	3.14
breakout_1656253812_89b07dc8	526	3.09
breakout_1656253812_89b07dc8	528	3.09
breakout_1656253812_89b07dc8	531	3.09
breakout_1656253812_89b07dc8	533	3.08
breakout_1656253812_89b07dc8	536	3.27
breakout_1656253812_89b07dc8	539	3.31
breakout_1656253812_89b07dc8	541	3.33
breakout_1656253812_89b07dc8	544	3.4
breakout_1656253812_89b07dc8	547	3.39
breakout_1656253812_89b07dc8	549	3.41
breakout_1656253812_89b07dc8	552	3.43
breakout_1656253812_89b07dc8	555	3.46
breakout_1656253812_89b07dc8	557	3.52
breakout_1656253812_89b07dc8	560	3.52
breakout_1656253812_89b07dc8	563	3.55
breakout_1656253812_89b07dc8	565	3.59
breakout_1656253812_89b07dc8	568	3.62
breakout_1656253812_89b07dc8	571	3.68
breakout_1656253812_89b07dc8	573	3.74
breakout_1656253812_89b07dc8	576	3.81
breakout_1656253812_89b07dc8	579	3.76
breakout_1656253812_89b07dc8	581	3.72
breakout_1656253812_89b07dc8	584	3.79
breakout_1656253812_89b07dc8	587	3.82
breakout_1656253812_89b07dc8	589	3.81
breakout_1656253812_89b07dc8	592	3.82
breakout_1656253812_89b07dc8	595	3.82
breakout_1656253812_89b07dc8	597	3.82
breakout_1656253812_89b07dc8	600	3.85
breakout_1656253812_89b07dc8	603	3.84
breakout_1656253812_89b07dc8	605	3.85
breakout_1656253812_89b07dc8	608	3.94
breakout_1656253812_89b07dc8	611	3.94
breakout_1656253812_89b07dc8	613	3.88
breakout_1656253812_89b07dc8	616	3.89
breakout_1656253812_89b07dc8	619	3.9
breakout_1656253812_89b07dc8	621	3.95
breakout_1656253812_89b07dc8	624	3.95
breakout_1656253812_89b07dc8	627	3.96
breakout_1656253812_89b07dc8	629	3.96
breakout_1656253812_89b07dc8	632	3.96
breakout_1656253812_89b07dc8	635	3.99
breakout_1656253812_89b07dc8	637	4.01
breakout_1656253812_89b07dc8	640	4.07
breakout_1656253812_89b07dc8	643	4.12
breakout_1656253812_89b07dc8	645	4.11
breakout_1656253812_89b07dc8	648	4.1
breakout_1656253812_89b07dc8	651	4.04
breakout_1656253812_89b07dc8	653	4.06
breakout_1656253812_89b07dc8	656	4.06
breakout_1656253812_89b07dc8	659	3.92
breakout_1656253812_89b07dc8	661	3.98
breakout_1656253812_89b07dc8	664	4.01
breakout_1656253812_89b07dc8	667	4
breakout_1656253812_89b07dc8	669	3.97
breakout_1656253812_89b07dc8	672	3.98
breakout_1656253812_89b07dc8	675	3.89
breakout_1656253812_89b07dc8	677	3.86
breakout_1656253812_89b07dc8	680	3.89
breakout_1656253812_89b07dc8	683	3.87
breakout_1656253812_89b07dc8	685	3.89
breakout_1656253812_89b07dc8	688	3.95
breakout_1656253812_89b07dc8	691	3.97
breakout_1656253812_89b07dc8	693	4
breakout_1656253812_89b07dc8	696	4.03
breakout_1656253812_89b07dc8	699	4.05
breakout_1656253812_89b07dc8	701	4.05
breakout_1656253812_89b07dc8	704	4.07
breakout_1656253812_89b07dc8	707	4.08
breakout_1656253812_89b07dc8	709	4.08
breakout_1656253812_89b07dc8	712	4.15
breakout_1656253812_89b07dc8	715	4.13
breakout_1656253812_89b07dc8	717	4.06
breakout_1656253812_89b07dc8	720	4
breakout_1656253812_89b07dc8	723	4.03
breakout_1656253812_89b07dc8	725	4.04
breakout_1656253812_89b07dc8	728	4.04
breakout_1656253812_89b07dc8	731	4.1
breakout_1656253812_89b07dc8	733	4.04
breakout_1656253812_89b07dc8	736	4.15
breakout_1656253812_89b07dc8	739	4.17
breakout_1656253812_89b07dc8	741	4.19
breakout_1656253812_89b07dc8	744	4.18
breakout_1656253812_89b07dc8	747	4.22
breakout_1656253812_89b07dc8	749	4.32
breakout_1656253812_89b07dc8	752	4.28
breakout_1656253812_89b07dc8	755	4.28
breakout_1656253812_89b07dc8	757	4.27
breakout_1656253812_89b07dc8	760	4.27
breakout_1656253812_89b07dc8	763	4.31
breakout_1656253812_89b07dc8	765	4.34
breakout_1656253812_89b07dc8	768	4.44
breakout_1656253812_89b07dc8	771	4.45
breakout_1656253812_89b07dc8	773	4.42
breakout_1656253812_89b07dc8	776	4.44
breakout_1656253812_89b07dc8	779	4.4
breakout_1656253812_89b07dc8	781	4.41
breakout_1656253812_89b07dc8	784	4.5
breakout_1656253812_89b07dc8	787	4.36
breakout_1656253812_89b07dc8	789	4.36
breakout_1656253812_89b07dc8	792	4.35
breakout_1656253812_89b07dc8	795	4.34
breakout_1656253812_89b07dc8	797	4.32
breakout_1656253812_89b07dc8	800	4.35
breakout_1656253812_89b07dc8	803	4.38
breakout_1656253812_89b07dc8	805	4.41
breakout_1656253812_89b07dc8	808	4.46
breakout_1656253812_89b07dc8	811	4.46
breakout_1656253812_89b07dc8	813	4.48
breakout_1656253812_89b07dc8	816	4.48
breakout_1656253812_89b07dc8	819	4.46
breakout_1656253812_89b07dc8	821	4.46
breakout_1656253812_89b07dc8	824	4.52
breakout_1656253812_89b07dc8	827	4.57
breakout_1656253812_89b07dc8	829	4.56
breakout_1656253812_89b07dc8	832	4.44
breakout_1656253812_89b07dc8	835	4.63
breakout_1656253812_89b07dc8	837	4.6
breakout_1656253812_89b07dc8	840	4.62
breakout_1656253812_89b07dc8	843	4.6
breakout_1656253812_89b07dc8	845	4.59
breakout_1656253812_89b07dc8	848	4.64
breakout_1656253812_89b07dc8	851	4.62
breakout_1656253812_89b07dc8	853	4.61
breakout_1656253812_89b07dc8	856	4.62
breakout_1656253812_89b07dc8	859	4.7
breakout_1656253812_89b07dc8	861	4.73
breakout_1656253812_89b07dc8	864	4.75
breakout_1656253812_89b07dc8	867	4.77
breakout_1656253812_89b07dc8	869	4.8
breakout_1656253812_89b07dc8	872	4.81
breakout_1656253812_89b07dc8	875	4.74
breakout_1656253812_89b07dc8	877	4.75
breakout_1656253812_89b07dc8	880	4.81
breakout_1656253812_89b07dc8	883	4.94
breakout_1656253812_89b07dc8	885	4.92
breakout_1656253812_89b07dc8	888	4.92
breakout_1656253812_89b07dc8	891	5.07
breakout_1656253812_89b07dc8	893	5.11
breakout_1656253812_89b07dc8	896	5.11
breakout_1656253812_89b07dc8	899	5.11
breakout_1656253812_89b07dc8	901	5.12
breakout_1656253812_89b07dc8	904	5.13
breakout_1656253812_89b07dc8	907	5.13
breakout_1656253812_89b07dc8	909	5.13
breakout_1656253812_89b07dc8	912	5.12
breakout_1656253812_89b07dc8	915	5.14
breakout_1656253812_89b07dc8	917	5.11
breakout_1656253812_89b07dc8	920	5.1
breakout_1656253812_89b07dc8	923	5.12
breakout_1656253812_89b07dc8	925	5.08
breakout_1656253812_89b07dc8	928	5.06
breakout_1656253812_89b07dc8	931	5.15
breakout_1656253812_89b07dc8	933	5.14
breakout_1656253812_89b07dc8	936	5.18
breakout_1656253812_89b07dc8	939	5.14
breakout_1656253812_89b07dc8	941	5.12
breakout_1656253812_89b07dc8	944	5.11
breakout_1656253812_89b07dc8	947	5.11
breakout_1656253812_89b07dc8	949	5.1
breakout_1656253812_89b07dc8	952	5.02
breakout_1656253812_89b07dc8	955	4.94
breakout_1656253812_89b07dc8	957	4.92
breakout_1656253812_89b07dc8	960	4.87
breakout_1656253812_89b07dc8	963	4.86
breakout_1656253812_89b07dc8	965	4.81
breakout_1656253812_89b07dc8	968	4.9
breakout_1656253812_89b07dc8	971	4.89
breakout_1656253812_89b07dc8	973	4.9
breakout_1656253812_89b07dc8	976	4.86
breakout_1656253812_89b07dc8	979	4.87
breakout_1656253812_89b07dc8	981	4.98
breakout_1656253812_89b07dc8	984	5.01
breakout_1656253812_89b07dc8	987	5
breakout_1656253812_89b07dc8	989	5.06
breakout_1656253812_89b07dc8	992	5.02
breakout_1656253812_89b07dc8	995	5
breakout_1656253812_89b07dc8	997	4.99
breakout_1656253812_89b07dc8	1000	5
breakout_1656253812_89b07dc8	1003	4.98
breakout_1656253812_89b07dc8	1005	4.89
breakout_1656253812_89b07dc8	1008	4.89
breakout_1656253812_89b07dc8	1011	4.85
breakout_1656253812_89b07dc8	1013	4.85
breakout_1656253812_89b07dc8	1016	4.8
breakout_1656253812_89b07dc8	1019	4.86
breakout_1656253812_89b07dc8	1021	4.99
breakout_1656253812_89b07dc8	1024	5.03
breakout_1656253812_89b07dc8	1027	5.02
breakout_1656253812_89b07dc8	1029	5.1
breakout_1656253812_89b07dc8	1032	5.15
breakout_1656253812_89b07dc8	1035	5.21
breakout_1656253812_89b07dc8	1037	5.16
breakout_1656253812_89b07dc8	1040	5.17
breakout_1656253812_89b07dc8	1043	5.18
breakout_1656253812_89b07dc8	1045	5.26
breakout_1656253812_89b07dc8	1048	5.31
breakout_1656253812_89b07dc8	1051	5.33
breakout_1656253812_89b07dc8	1053	5.32
breakout_1656253812_89b07dc8	1056	5.33
breakout_1656253812_89b07dc8	1059	5.32
breakout_1656253812_89b07dc8	1061	5.33
breakout_1656253812_89b07dc8	1064	5.42
breakout_1656253812_89b07dc8	1066	5.5
breakout_1656253812_89b07dc8	1069	5.5
breakout_1656253812_89b07dc8	1072	5.58
breakout_1656253812_89b07dc8	1074	5.57
breakout_1656253812_89b07dc8	1077	5.57
breakout_1656253812_89b07dc8	1080	5.62
breakout_1656253812_89b07dc8	1082	5.65
breakout_1656253812_89b07dc8	1085	5.65
breakout_1656253812_89b07dc8	1088	5.65
breakout_1656253812_89b07dc8	1090	5.88
breakout_1656253812_89b07dc8	1093	5.88
breakout_1656253812_89b07dc8	1096	5.93
breakout_1656253812_89b07dc8	1098	5.96
breakout_1656253812_89b07dc8	1101	6.08
breakout_1656253812_89b07dc8	1104	6.12
breakout_1656253812_89b07dc8	1106	6.1
breakout_1656253812_89b07dc8	1109	6.04
breakout_1656253812_89b07dc8	1112	6.02
breakout_1656253812_89b07dc8	1114	6.08
breakout_1656253812_89b07dc8	1117	6.09
breakout_1656253812_89b07dc8	1120	6.04
breakout_1656253812_89b07dc8	1122	6
breakout_1656253812_89b07dc8	1125	5.97
breakout_1656253812_89b07dc8	1128	6
breakout_1656253812_89b07dc8	1130	5.99
breakout_1656253812_89b07dc8	1133	5.97
breakout_1656253812_89b07dc8	1136	6.01
breakout_1656253812_89b07dc8	1138	6.14
breakout_1656253812_89b07dc8	1141	6.1
breakout_1656253812_89b07dc8	1144	6.08
breakout_1656253812_89b07dc8	1146	6.13
breakout_1656253812_89b07dc8	1149	6.23
breakout_1656253812_89b07dc8	1152	6.2
breakout_1656253812_89b07dc8	1154	6.21
breakout_1656253812_89b07dc8	1157	6.26
breakout_1656253812_89b07dc8	1160	6.29
breakout_1656253812_89b07dc8	1162	6.26
breakout_1656253812_89b07dc8	1165	6.24
breakout_1656253812_89b07dc8	1168	6.25
breakout_1656253812_89b07dc8	1170	6.23
breakout_1656253812_89b07dc8	1173	6.28
breakout_1656253812_89b07dc8	1176	6.23
breakout_1656253812_89b07dc8	1178	6.2
breakout_1656253812_89b07dc8	1181	6.21
breakout_1656253812_89b07dc8	1184	6.26
breakout_1656253812_89b07dc8	1186	6.21
breakout_1656253812_89b07dc8	1189	6.18
breakout_1656253812_89b07dc8	1192	6.19
breakout_1656253812_89b07dc8	1194	6.19
breakout_1656253812_89b07dc8	1197	6.09
breakout_1656253812_89b07dc8	1200	6.13
breakout_1656253812_89b07dc8	1202	6.12
breakout_1656253812_89b07dc8	1205	6.07
breakout_1656253812_89b07dc8	1208	6.06
breakout_1656253812_89b07dc8	1210	6.14
breakout_1656253812_89b07dc8	1213	6.17
breakout_1656253812_89b07dc8	1216	6.21
breakout_1656253812_89b07dc8	1218	6.16
breakout_1656253812_89b07dc8	1221	6.17
breakout_1656253812_89b07dc8	1224	6.22
breakout_1656253812_89b07dc8	1226	6.18
breakout_1656253812_89b07dc8	1229	5.97
breakout_1656253812_89b07dc8	1232	6.04
breakout_1656253812_89b07dc8	1234	5.88
breakout_1656253812_89b07dc8	1237	5.89
breakout_1656253812_89b07dc8	1240	5.9
breakout_1656253812_89b07dc8	1242	5.88
breakout_1656253812_89b07dc8	1245	5.93
breakout_1656253812_89b07dc8	1248	5.93
breakout_1656253812_89b07dc8	1250	5.94
breakout_1656253812_89b07dc8	1253	6.07
breakout_1656253812_89b07dc8	1256	6.07
breakout_1656253812_89b07dc8	1258	6.13
breakout_1656253812_89b07dc8	1261	6.12
breakout_1656253812_89b07dc8	1264	6.21
breakout_1656253812_89b07dc8	1266	6.26
breakout_1656253812_89b07dc8	1269	6.34
breakout_1656253812_89b07dc8	1272	6.37
breakout_1656253812_89b07dc8	1274	6.37
breakout_1656253812_89b07dc8	1277	6.39
breakout_1656253812_89b07dc8	1280	6.36
breakout_1656253812_89b07dc8	1282	6.43
breakout_1656253812_89b07dc8	1285	6.39
breakout_1656253812_89b07dc8	1288	6.42
breakout_1656253812_89b07dc8	1290	6.38
breakout_1656253812_89b07dc8	1293	6.36
breakout_1656253812_89b07dc8	1296	6.34
breakout_1656253812_89b07dc8	1298	6.33
breakout_1656253812_89b07dc8	1301	6.42
breakout_1656253812_89b07dc8	1304	6.41
breakout_1656253812_89b07dc8	1306	6.42
breakout_1656253812_89b07dc8	1309	6.36
breakout_1656253812_89b07dc8	1312	6.34
breakout_1656253812_89b07dc8	1314	6.35
breakout_1656253812_89b07dc8	1317	6.39
breakout_1656253812_89b07dc8	1320	6.36
breakout_1656253812_89b07dc8	1322	6.39
breakout_1656253812_89b07dc8	1325	6.47
breakout_1656253812_89b07dc8	1328	6.5
breakout_1656253812_89b07dc8	1330	6.49
breakout_1656253812_89b07dc8	1333	6.51
breakout_1656253812_89b07dc8	1336	6.56
breakout_1656253812_89b07dc8	1338	6.53
breakout_1656253812_89b07dc8	1341	6.54
breakout_1656253812_89b07dc8	1344	6.4
breakout_1656253812_89b07dc8	1346	6.35
breakout_1656253812_89b07dc8	1349	6.36
breakout_1656253812_89b07dc8	1352	6.25
breakout_1656253812_89b07dc8	1354	6.3
breakout_1656253812_89b07dc8	1357	6.43
breakout_1656253812_89b07dc8	1360	6.52
breakout_1656253812_89b07dc8	1362	6.56
breakout_1656253812_89b07dc8	1365	6.7
breakout_1656253812_89b07dc8	1368	6.72
breakout_1656253812_89b07dc8	1370	6.73
breakout_1656253812_89b07dc8	1373	6.72
breakout_1656253812_89b07dc8	1376	6.78
breakout_1656253812_89b07dc8	1378	6.74
breakout_1656253812_89b07dc8	1381	6.71
breakout_1656253812_89b07dc8	1384	6.8
breakout_1656253812_89b07dc8	1386	6.76
breakout_1656253812_89b07dc8	1389	6.79
breakout_1656253812_89b07dc8	1392	6.82
breakout_1656253812_89b07dc8	1394	6.85
breakout_1656253812_89b07dc8	1397	6.86
breakout_1656253812_89b07dc8	1400	6.88
breakout_1656253812_89b07dc8	1402	6.92
breakout_1656253812_89b07dc8	1405	7.03
breakout_1656253812_89b07dc8	1408	7.04
breakout_1656253812_89b07dc8	1410	7.03
breakout_1656253812_89b07dc8	1413	6.99
breakout_1656253812_89b07dc8	1416	7.08
breakout_1656253812_89b07dc8	1418	7.08
breakout_1656253812_89b07dc8	1421	7.07
breakout_1656253812_89b07dc8	1424	7.14
breakout_1656253812_89b07dc8	1426	7.12
breakout_1656253812_89b07dc8	1429	7.1
breakout_1656253812_89b07dc8	1432	7.11
breakout_1656253812_89b07dc8	1434	7.09
breakout_1656253812_89b07dc8	1437	7.24
breakout_1656253812_89b07dc8	1440	7.3
breakout_1656253812_89b07dc8	1442	7.32
breakout_1656253812_89b07dc8	1445	7.37
breakout_1656253812_89b07dc8	1448	7.44
breakout_1656253812_89b07dc8	1450	7.42
breakout_1656253812_89b07dc8	1453	7.49
breakout_1656253812_89b07dc8	1456	7.48
breakout_1656253812_89b07dc8	1458	7.45
breakout_1656253812_89b07dc8	1461	7.41
breakout_1656253812_89b07dc8	1464	7.41
breakout_1656253812_89b07dc8	1466	7.46
breakout_1656253812_89b07dc8	1469	7.43
breakout_1656253812_89b07dc8	1472	7.31
breakout_1656253812_89b07dc8	1474	7.33
breakout_1656253812_89b07dc8	1477	7.36
breakout_1656253812_89b07dc8	1480	7.34
breakout_1656253812_89b07dc8	1482	7.41
breakout_1656253812_89b07dc8	1485	7.46
breakout_1656253812_89b07dc8	1488	7.48
breakout_1656253812_89b07dc8	1490	7.46
breakout_1656253812_89b07dc8	1493	7.45
breakout_1656253812_89b07dc8	1496	7.39
breakout_1656253812_89b07dc8	1498	7.45
breakout_1656253812_89b07dc8	1501	7.46
breakout_1656253812_89b07dc8	1504	7.49
breakout_1656253812_89b07dc8	1506	7.47
breakout_1656253812_89b07dc8	1509	7.4
breakout_1656253812_89b07dc8	1512	7.34
breakout_1656253812_89b07dc8	1514	7.28
breakout_1656253812_89b07dc8	1517	7.31
breakout_1656253812_89b07dc8	1520	7.28
breakout_1656253812_89b07dc8	1522	7.27
breakout_1656253812_89b07dc8	1525	7.31
breakout_1656253812_89b07dc8	1528	7.27
breakout_1656253812_89b07dc8	1530	7.15
breakout_1656253812_89b07dc8	1533	7.14
breakout_1656253812_89b07dc8	1536	7.15
breakout_1656253812_89b07dc8	1538	7.14
breakout_1656253812_89b07dc8	1541	7.07
breakout_1656253812_89b07dc8	1544	7.08
breakout_1656253812_89b07dc8	1546	7.09
breakout_1656253812_89b07dc8	1549	6.99
breakout_1656253812_89b07dc8	1552	7
breakout_1656253812_89b07dc8	1554	6.95
breakout_1656253812_89b07dc8	1557	6.99
breakout_1656253812_89b07dc8	1560	7.01
breakout_1656253812_89b07dc8	1562	7.05
breakout_1656253812_89b07dc8	1565	7.08
breakout_1656253812_89b07dc8	1568	7.03
breakout_1656253812_89b07dc8	1570	6.96
breakout_1656253812_89b07dc8	1573	7.02
breakout_1656253812_89b07dc8	1576	7.1
breakout_1656253812_89b07dc8	1578	7.09
breakout_1656253812_89b07dc8	1581	7.08
breakout_1656253812_89b07dc8	1584	7.16
breakout_1656253812_89b07dc8	1586	7.14
breakout_1656253812_89b07dc8	1589	7.18
breakout_1656253812_89b07dc8	1592	7.1
breakout_1656253812_89b07dc8	1594	7.08
breakout_1656253812_89b07dc8	1597	7.11
breakout_1656253812_89b07dc8	1599	7.14
breakout_1656253812_89b07dc8	1602	7.03
breakout_1656253812_89b07dc8	1605	7.05
breakout_1656253812_89b07dc8	1607	7.07
breakout_1656253812_89b07dc8	1610	7.04
breakout_1656253812_89b07dc8	1613	7.19
breakout_1656253812_89b07dc8	1615	7.25
breakout_1656253812_89b07dc8	1618	7.36
breakout_1656253812_89b07dc8	1621	7.51
breakout_1656253812_89b07dc8	1623	7.54
breakout_1656253812_89b07dc8	1626	7.64
breakout_1656253812_89b07dc8	1629	7.7
breakout_1656253812_89b07dc8	1631	7.71
breakout_1656253812_89b07dc8	1634	7.69
breakout_1656253812_89b07dc8	1637	7.85
breakout_1656253812_89b07dc8	1639	7.83
breakout_1656253812_89b07dc8	1642	7.88
breakout_1656253812_89b07dc8	1645	7.91
breakout_1656253812_89b07dc8	1647	7.89
breakout_1656253812_89b07dc8	1650	7.91
breakout_1656253812_89b07dc8	1653	7.93
breakout_1656253812_89b07dc8	1655	7.89
breakout_1656253812_89b07dc8	1658	7.93
breakout_1656253812_89b07dc8	1661	7.93
breakout_1656253812_89b07dc8	1663	7.95
breakout_1656253812_89b07dc8	1666	7.92
breakout_1656253812_89b07dc8	1669	7.89
breakout_1656253812_89b07dc8	1671	7.8
breakout_1656253812_89b07dc8	1674	7.72
breakout_1656253812_89b07dc8	1677	7.71
breakout_1656253812_89b07dc8	1679	7.64
breakout_1656253812_89b07dc8	1682	7.81
breakout_1656253812_89b07dc8	1685	8.01
breakout_1656253812_89b07dc8	1687	7.87
breakout_1656253812_89b07dc8	1690	7.95
breakout_1656253812_89b07dc8	1693	8.02
breakout_1656253812_89b07dc8	1695	7.99
breakout_1656253812_89b07dc8	1698	8.07
breakout_1656253812_89b07dc8	1701	8.09
breakout_1656253812_89b07dc8	1703	8.06
breakout_1656253812_89b07dc8	1706	8.04
breakout_1656253812_89b07dc8	1709	8
breakout_1656253812_89b07dc8	1711	7.99
breakout_1656253812_89b07dc8	1714	8.03
breakout_1656253812_89b07dc8	1717	8.04
breakout_1656253812_89b07dc8	1719	7.91
breakout_1656253812_89b07dc8	1722	7.81
breakout_1656253812_89b07dc8	1725	7.78
breakout_1656253812_89b07dc8	1727	7.73
breakout_1656253812_89b07dc8	1730	7.72
breakout_1656253812_89b07dc8	1733	7.68
breakout_1656253812_89b07dc8	1735	7.68
breakout_1656253812_89b07dc8	1738	7.73
breakout_1656253812_89b07dc8	1741	7.79
breakout_1656253812_89b07dc8	1743	7.74
breakout_1656253812_89b07dc8	1746	7.77
breakout_1656253812_89b07dc8	1749	7.78
breakout_1656253812_89b07dc8	1751	7.78
breakout_1656253812_89b07dc8	1754	7.89
breakout_1656253812_89b07dc8	1757	7.94
breakout_1656253812_89b07dc8	1759	7.91
breakout_1656253812_89b07dc8	1762	7.92
breakout_1656253812_89b07dc8	1765	7.96
breakout_1656253812_89b07dc8	1767	8.03
breakout_1656253812_89b07dc8	1770	7.91
breakout_1656253812_89b07dc8	1773	7.89
breakout_1656253812_89b07dc8	1775	7.9
breakout_1656253812_89b07dc8	1778	7.98
breakout_1656253812_89b07dc8	1781	8.01
breakout_1656253812_89b07dc8	1783	8.01
breakout_1656253812_89b07dc8	1786	8.04
breakout_1656253812_89b07dc8	1789	8.1
breakout_1656253812_89b07dc8	1791	8.09
breakout_1656253812_89b07dc8	1794	8.11
breakout_1656253812_89b07dc8	1797	8.22
breakout_1656253812_89b07dc8	1799	8.25
breakout_1656253812_89b07dc8	1802	8.33
breakout_1656253812_89b07dc8	1805	8.33
breakout_1656253812_89b07dc8	1807	8.3
breakout_1656253812_89b07dc8	1810	8.17
breakout_1656253812_89b07dc8	1813	8.19
breakout_1656253812_89b07dc8	1815	8.15
breakout_1656253812_89b07dc8	1818	8.11
breakout_1656253812_89b07dc8	1821	8.18
breakout_1656253812_89b07dc8	1823	8.08
breakout_1656253812_89b07dc8	1826	8.03
breakout_1656253812_89b07dc8	1829	8.03
breakout_1656253812_89b07dc8	1831	7.97
breakout_1656253812_89b07dc8	1834	8.1
breakout_1656253812_89b07dc8	1837	8.1
breakout_1656253812_89b07dc8	1839	8.18
breakout_1656253812_89b07dc8	1842	8.1
breakout_1656253812_89b07dc8	1845	8.12
breakout_1656253812_89b07dc8	1847	8.04
breakout_1656253812_89b07dc8	1850	8.02
breakout_1656253812_89b07dc8	1853	7.94
breakout_1656253812_89b07dc8	1855	7.9
breakout_1656253812_89b07dc8	1858	7.92
breakout_1656253812_89b07dc8	1861	7.96
breakout_1656253812_89b07dc8	1863	7.94
breakout_1656253812_89b07dc8	1866	7.84
breakout_1656253812_89b07dc8	1869	7.77
breakout_1656253812_89b07dc8	1871	7.79
breakout_1656253812_89b07dc8	1874	7.77
breakout_1656253812_89b07dc8	1877	7.83
breakout_1656253812_89b07dc8	1879	7.77
breakout_1656253812_89b07dc8	1882	7.73
breakout_1656253812_89b07dc8	1885	7.73
breakout_1656253812_89b07dc8	1887	7.69
breakout_1656253812_89b07dc8	1890	7.7
breakout_1656253812_89b07dc8	1893	7.64
breakout_1656253812_89b07dc8	1895	7.64
breakout_1656253812_89b07dc8	1898	7.52
breakout_1656253812_89b07dc8	1901	7.41
breakout_1656253812_89b07dc8	1903	7.35
breakout_1656253812_89b07dc8	1906	7.37
breakout_1656253812_89b07dc8	1909	7.32
breakout_1656253812_89b07dc8	1911	7.35
breakout_1656253812_89b07dc8	1914	7.36
breakout_1656253812_89b07dc8	1917	7.4
breakout_1656253812_89b07dc8	1919	7.36
breakout_1656253812_89b07dc8	1922	7.42
breakout_1656253812_89b07dc8	1925	7.43
breakout_1656253812_89b07dc8	1927	7.41
breakout_1656253812_89b07dc8	1930	7.49
breakout_1656253812_89b07dc8	1933	7.49
breakout_1656253812_89b07dc8	1935	7.53
breakout_1656253812_89b07dc8	1938	7.4
breakout_1656253812_89b07dc8	1941	7.49
breakout_1656253812_89b07dc8	1943	7.53
breakout_1656253812_89b07dc8	1946	7.42
breakout_1656253812_89b07dc8	1949	7.5
breakout_1656253812_89b07dc8	1951	7.41
breakout_1656253812_89b07dc8	1954	7.41
breakout_1656253812_89b07dc8	1957	7.34
breakout_1656253812_89b07dc8	1959	7.38
breakout_1656253812_89b07dc8	1962	7.35
breakout_1656253812_89b07dc8	1965	7.38
breakout_1656253812_89b07dc8	1967	7.37
breakout_1656253812_89b07dc8	1970	7.49
breakout_1656253812_89b07dc8	1973	7.46
breakout_1656253812_89b07dc8	1975	7.38
breakout_1656253812_89b07dc8	1978	7.5
breakout_1656253812_89b07dc8	1981	7.55
breakout_1656253812_89b07dc8	1983	7.59
breakout_1656253812_89b07dc8	1986	7.65
breakout_1656253812_89b07dc8	1989	7.62
breakout_1656253812_89b07dc8	1991	7.75
breakout_1656253812_89b07dc8	1994	7.75
breakout_1656253812_89b07dc8	1997	7.84
breakout_1656253812_89b07dc8	1999	7.88
breakout_1656253812_89b07dc8	2002	8.02
breakout_1656253812_89b07dc8	2005	8.01
breakout_1656253812_89b07dc8	2007	8.06
breakout_1656253812_89b07dc8	2010	8.09
breakout_1656253812_89b07dc8	2013	8.15
breakout_1656253812_89b07dc8	2015	8.1
breakout_1656253812_89b07dc8	2018	8.09
breakout_1656253812_89b07dc8	2021	8.02
breakout_1656253812_89b07dc8	2023	8.08
breakout_1656253812_89b07dc8	2026	8.05
breakout_1656253812_89b07dc8	2029	8.1
breakout_1656253812_89b07dc8	2031	8.2
breakout_1656253812_89b07dc8	2034	8.14
breakout_1656253812_89b07dc8	2037	8.08
breakout_1656253812_89b07dc8	2039	8.02
breakout_1656253812_89b07dc8	2042	8.01
breakout_1656253812_89b07dc8	2045	7.96
breakout_1656253812_89b07dc8	2047	7.97
breakout_1656253812_89b07dc8	2050	8
breakout_1656253812_89b07dc8	2053	8
breakout_1656253812_89b07dc8	2055	8.02
breakout_1656253812_89b07dc8	2058	8.01
breakout_1656253812_89b07dc8	2061	7.97
breakout_1656253812_89b07dc8	2063	8
breakout_1656253812_89b07dc8	2066	8.07
breakout_1656253812_89b07dc8	2069	8.1
breakout_1656253812_89b07dc8	2071	7.97
breakout_1656253812_89b07dc8	2074	8.04
breakout_1656253812_89b07dc8	2077	8.07
breakout_1656253812_89b07dc8	2079	8.01
breakout_1656253812_89b07dc8	2082	8.03
breakout_1656253812_89b07dc8	2085	7.98
breakout_1656253812_89b07dc8	2087	8.06
breakout_1656253812_89b07dc8	2090	7.97
breakout_1656253812_89b07dc8	2093	8.05
breakout_1656253812_89b07dc8	2095	8.03
breakout_1656253812_89b07dc8	2098	7.91
breakout_1656253812_89b07dc8	2101	7.96
breakout_1656253812_89b07dc8	2103	7.92
breakout_1656253812_89b07dc8	2106	8.06
breakout_1656253812_89b07dc8	2109	8.08
breakout_1656253812_89b07dc8	2111	8.14
breakout_1656253812_89b07dc8	2114	8.22
breakout_1656253812_89b07dc8	2117	8.32
breakout_1656253812_89b07dc8	2119	8.2
breakout_1656253812_89b07dc8	2122	8.33
breakout_1656253812_89b07dc8	2125	8.35
breakout_1656253812_89b07dc8	2127	8.28
breakout_1656253812_89b07dc8	2130	8.23
breakout_1656253812_89b07dc8	2132	8.28
breakout_1656253812_89b07dc8	2135	8.21
breakout_1656253812_89b07dc8	2138	8.18
breakout_1656253812_89b07dc8	2140	8.34
breakout_1656253812_89b07dc8	2143	8.33
breakout_1656253812_89b07dc8	2146	8.34
breakout_1656253812_89b07dc8	2148	8.48
breakout_1656253812_89b07dc8	2151	8.58
breakout_1656253812_89b07dc8	2154	8.59
breakout_1656253812_89b07dc8	2156	8.56
breakout_1656253812_89b07dc8	2159	8.59
breakout_1656253812_89b07dc8	2162	8.58
breakout_1656253812_89b07dc8	2164	8.58
breakout_1656253812_89b07dc8	2167	8.7
breakout_1656253812_89b07dc8	2170	8.75
breakout_1656253812_89b07dc8	2172	8.79
breakout_1656253812_89b07dc8	2175	8.82
breakout_1656253812_89b07dc8	2178	8.88
breakout_1656253812_89b07dc8	2180	8.92
breakout_1656253812_89b07dc8	2183	9.07
breakout_1656253812_89b07dc8	2186	9.08
breakout_1656253812_89b07dc8	2188	9.17
breakout_1656253812_89b07dc8	2191	9.16
breakout_1656253812_89b07dc8	2194	9.18
breakout_1656253812_89b07dc8	2196	9.19
breakout_1656253812_89b07dc8	2199	9.13
breakout_1656253812_89b07dc8	2202	9.16
breakout_1656253812_89b07dc8	2204	9.4
breakout_1656253812_89b07dc8	2207	9.34
breakout_1656253812_89b07dc8	2210	9.38
breakout_1656253812_89b07dc8	2212	9.19
breakout_1656253812_89b07dc8	2215	9.17
breakout_1656253812_89b07dc8	2218	9.04
breakout_1656253812_89b07dc8	2220	9.07
breakout_1656253812_89b07dc8	2223	9.06
breakout_1656253812_89b07dc8	2226	9.04
breakout_1656253812_89b07dc8	2228	9.04
breakout_1656253812_89b07dc8	2231	8.87
breakout_1656253812_89b07dc8	2234	8.87
breakout_1656253812_89b07dc8	2236	8.86
breakout_1656253812_89b07dc8	2239	8.89
breakout_1656253812_89b07dc8	2242	8.82
breakout_1656253812_89b07dc8	2244	8.82
breakout_1656253812_89b07dc8	2247	8.77
breakout_1656253812_89b07dc8	2250	8.75
breakout_1656253812_89b07dc8	2252	8.71
breakout_1656253812_89b07dc8	2255	8.57
breakout_1656253812_89b07dc8	2258	8.65
breakout_1656253812_89b07dc8	2260	8.66
breakout_1656253812_89b07dc8	2263	8.6
breakout_1656253812_89b07dc8	2266	8.58
breakout_1656253812_89b07dc8	2268	8.64
breakout_1656253812_89b07dc8	2271	8.59
breakout_1656253812_89b07dc8	2274	8.63
breakout_1656253812_89b07dc8	2276	8.6
breakout_1656253812_89b07dc8	2279	8.57
breakout_1656253812_89b07dc8	2282	8.58
breakout_1656253812_89b07dc8	2284	8.65
breakout_1656253812_89b07dc8	2287	8.67
breakout_1656253812_89b07dc8	2290	8.64
breakout_1656253812_89b07dc8	2292	8.59
breakout_1656253812_89b07dc8	2295	8.56
breakout_1656253812_89b07dc8	2298	8.44
breakout_1656253812_89b07dc8	2300	8.38
breakout_1656253812_89b07dc8	2303	8.27
breakout_1656253812_89b07dc8	2306	8.27
breakout_1656253812_89b07dc8	2308	8.23
breakout_1656253812_89b07dc8	2311	8.23
breakout_1656253812_89b07dc8	2314	8.32
breakout_1656253812_89b07dc8	2316	8.19
breakout_1656253812_89b07dc8	2319	8.23
breakout_1656253812_89b07dc8	2322	8.2
breakout_1656253812_89b07dc8	2324	8.25
breakout_1656253812_89b07dc8	2327	8.26
breakout_1656253812_89b07dc8	2330	8.36
breakout_1656253812_89b07dc8	2332	8.39
breakout_1656253812_89b07dc8	2335	8.4
breakout_1656253812_89b07dc8	2338	8.37
breakout_1656253812_89b07dc8	2340	8.35
breakout_1656253812_89b07dc8	2343	8.41
breakout_1656253812_89b07dc8	2346	8.4
breakout_1656253812_89b07dc8	2348	8.51
breakout_1656253812_89b07dc8	2351	8.41
breakout_1656253812_89b07dc8	2354	8.38
breakout_1656253812_89b07dc8	2356	8.32
breakout_1656253812_89b07dc8	2359	8.26
breakout_1656253812_89b07dc8	2362	8.23
breakout_1656253812_89b07dc8	2364	8.21
breakout_1656253812_89b07dc8	2367	8.24
breakout_1656253812_89b07dc8	2370	8.16
breakout_1656253812_89b07dc8	2372	8.05
breakout_1656253812_89b07dc8	2375	8.02
breakout_1656253812_89b07dc8	2378	8.06
breakout_1656253812_89b07dc8	2380	8.06
breakout_1656253812_89b07dc8	2383	8.09
breakout_1656253812_89b07dc8	2386	8.1
breakout_1656253812_89b07dc8	2388	8.13
breakout_1656253812_89b07dc8	2391	8.19
breakout_1656253812_89b07dc8	2394	8.22
breakout_1656253812_89b07dc8	2396	8.28
breakout_1656253812_89b07dc8	2399	8.25
breakout_1656253812_89b07dc8	2402	8.27
breakout_1656253812_89b07dc8	2404	8.26
breakout_1656253812_89b07dc8	2407	8.3
breakout_1656253812_89b07dc8	2410	8.37
breakout_1656253812_89b07dc8	2412	8.3
breakout_1656253812_89b07dc8	2415	8.28
breakout_1656253812_89b07dc8	2418	8.3
breakout_1656253812_89b07dc8	2420	8.33
breakout_1656253812_89b07dc8	2423	8.16
breakout_1656253812_89b07dc8	2426	8.15
breakout_1656253812_89b07dc8	2428	8.23
breakout_1656253812_89b07dc8	2431	8.3
breakout_1656253812_89b07dc8	2434	8.28
breakout_1656253812_89b07dc8	2436	8.16
breakout_1656253812_89b07dc8	2439	8.19
breakout_1656253812_89b07dc8	2442	8.32
breakout_1656253812_89b07dc8	2444	8.15
breakout_1656253812_89b07dc8	2447	8.39
breakout_1656253812_89b07dc8	2450	8.4
breakout_1656253812_89b07dc8	2452	8.39
breakout_1656253812_89b07dc8	2455	8.39
breakout_1656253812_89b07dc8	2458	8.28
breakout_1656253812_89b07dc8	2460	8.3
breakout_1656253812_89b07dc8	2463	8.37
breakout_1656253812_89b07dc8	2466	8.37
breakout_1656253812_89b07dc8	2468	8.43
breakout_1656253812_89b07dc8	2471	8.54
breakout_1656253812_89b07dc8	2474	8.54
breakout_1656253812_89b07dc8	2476	8.46
breakout_1656253812_89b07dc8	2479	8.56
breakout_1656253812_89b07dc8	2482	8.59
breakout_1656253812_89b07dc8	2484	8.62
breakout_1656253812_89b07dc8	2487	8.55
breakout_1656253812_89b07dc8	2490	8.53
breakout_1656253812_89b07dc8	2492	8.55
breakout_1656253812_89b07dc8	2495	8.57
breakout_1656253812_89b07dc8	2498	8.5
breakout_1656253812_89b07dc8	2500	8.52
breakout_1656253812_89b07dc8	2503	8.27
breakout_1656253812_89b07dc8	2506	8.23
breakout_1656253812_89b07dc8	2508	8.22
breakout_1656253812_89b07dc8	2511	8.3
breakout_1656253812_89b07dc8	2514	8.31
breakout_1656253812_89b07dc8	2516	8.27
breakout_1656253812_89b07dc8	2519	8.19
breakout_1656253812_89b07dc8	2522	8.21
breakout_1656253812_89b07dc8	2524	8.2
breakout_1656253812_89b07dc8	2527	8.3
breakout_1656253812_89b07dc8	2530	8.44
breakout_1656253812_89b07dc8	2532	8.39
breakout_1656253812_89b07dc8	2535	8.4
breakout_1656253812_89b07dc8	2538	8.43
breakout_1656253812_89b07dc8	2540	8.46
breakout_1656253812_89b07dc8	2543	8.49
breakout_1656253812_89b07dc8	2546	8.37
breakout_1656253812_89b07dc8	2548	8.4
breakout_1656253812_89b07dc8	2551	8.25
breakout_1656253812_89b07dc8	2554	8.1
breakout_1656253812_89b07dc8	2556	8.2
breakout_1656253812_89b07dc8	2559	8.13
breakout_1656253812_89b07dc8	2562	8.06
breakout_1656253812_89b07dc8	2564	8.14
breakout_1656253812_89b07dc8	2567	8.21
breakout_1656253812_89b07dc8	2570	8.15
breakout_1656253812_89b07dc8	2572	8.25
breakout_1656253812_89b07dc8	2575	8.37
breakout_1656253812_89b07dc8	2578	8.44
breakout_1656253812_89b07dc8	2580	8.43
breakout_1656253812_89b07dc8	2583	8.38
breakout_1656253812_89b07dc8	2586	8.37
breakout_1656253812_89b07dc8	2588	8.62
breakout_1656253812_89b07dc8	2591	8.5
breakout_1656253812_89b07dc8	2594	8.49
breakout_1656253812_89b07dc8	2596	8.62
breakout_1656253812_89b07dc8	2599	8.66
breakout_1656253812_89b07dc8	2602	8.52
breakout_1656253812_89b07dc8	2604	8.32
breakout_1656253812_89b07dc8	2607	8.2
breakout_1656253812_89b07dc8	2610	8.35
breakout_1656253812_89b07dc8	2612	8.35
breakout_1656253812_89b07dc8	2615	8.39
breakout_1656253812_89b07dc8	2618	8.38
breakout_1656253812_89b07dc8	2620	8.41
breakout_1656253812_89b07dc8	2623	8.34
breakout_1656253812_89b07dc8	2626	8.19
breakout_1656253812_89b07dc8	2628	8.13
breakout_1656253812_89b07dc8	2631	8.27
breakout_1656253812_89b07dc8	2634	8.16
breakout_1656253812_89b07dc8	2636	8.13
breakout_1656253812_89b07dc8	2639	8.22
breakout_1656253812_89b07dc8	2642	8.13
breakout_1656253812_89b07dc8	2644	8.17
breakout_1656253812_89b07dc8	2647	8.13
breakout_1656253812_89b07dc8	2650	8.18
breakout_1656253812_89b07dc8	2652	8.11
breakout_1656253812_89b07dc8	2655	8.08
breakout_1656253812_89b07dc8	2658	8.02
breakout_1656253812_89b07dc8	2660	8.03
breakout_1656253812_89b07dc8	2663	8.01