run_id	step	reward
breakout_1656253812_89b07dc8	0	
breakout_1656253812_89b07dc8	3	2
breakout_1656253812_89b07dc8	6	1
breakout_1656253812_89b07dc8	8	
breakout_1656253812_89b07dc8	11	2
breakout_1656253812_89b07dc8	13	2
breakout_1656253812_89b07dc8	16	1
breakout_1656253812_89b07dc8	18	1
breakout_1656253812_89b07dc8	21	1
breakout_1656253812_89b07dc8	23	1
breakout_1656253812_89b07dc8	26	1
breakout_1656253812_89b07dc8	28	2
breakout_1656253812_89b07dc8	31	
breakout_1656253812_89b07dc8	33	
breakout_1656253812_89b07dc8	36	
breakout_1656253812_89b07dc8	39	1
breakout_1656253812_89b07dc8	41	
breakout_1656253812_89b07dc8	44	1
breakout_1656253812_89b07dc8	46	3
breakout_1656253812_89b07dc8	49	2
breakout_1656253812_89b07dc8	51	
breakout_1656253812_89b07dc8	54	2
breakout_1656253812_89b07dc8	56	
breakout_1656253812_89b07dc8	59	
breakout_1656253812_89b07dc8	61	1
breakout_1656253812_89b07dc8	64	4
breakout_1656253812_89b07dc8	66	
breakout_1656253812_89b07dc8	69	
breakout_1656253812_89b07dc8	72	
breakout_1656253812_89b07dc8	74	2
breakout_1656253812_89b07dc8	77	
breakout_1656253812_89b07dc8	79	1
breakout_1656253812_89b07dc8	82	1
breakout_1656253812_89b07dc8	84	1
breakout_1656253812_89b07dc8	87	3
breakout_1656253812_89b07dc8	89	5
breakout_1656253812_89b07dc8	92	
breakout_1656253812_89b07dc8	94	
breakout_1656253812_89b07dc8	97	
breakout_1656253812_89b07dc8	99	
breakout_1656253812_89b07dc8	102	1
breakout_1656253812_89b07dc8	105	
breakout_1656253812_89b07dc8	107	3
breakout_1656253812_89b07dc8	110	1
breakout_1656253812_89b07dc8	112	1
breakout_1656253812_89b07dc8	115	
breakout_1656253812_89b07dc8	117	1
breakout_1656253812_89b07dc8	120	
breakout_1656253812_89b07dc8	122	
breakout_1656253812_89b07dc8	125	3
breakout_1656253812_89b07dc8	127	
breakout_1656253812_89b07dc8	130	
breakout_1656253812_89b07dc8	132	1
breakout_1656253812_89b07dc8	135	
breakout_1656253812_89b07dc8	138	
breakout_1656253812_89b07dc8	140	2
breakout_1656253812_89b07dc8	143	
breakout_1656253812_89b07dc8	145	
breakout_1656253812_89b07dc8	148	
breakout_1656253812_89b07dc8	150	2
breakout_1656253812_89b07dc8	153	
breakout_1656253812_89b07dc8	155	1
breakout_1656253812_89b07dc8	158	1
breakout_1656253812_89b07dc8	160	4
breakout_1656253812_89b07dc8	163	2
breakout_1656253812_89b07dc8	165	1
breakout_1656253812_89b07dc8	168	3
breakout_1656253812_89b07dc8	171	2
breakout_1656253812_89b07dc8	173	1
breakout_1656253812_89b07dc8	176	
breakout_1656253812_89b07dc8	178	2
breakout_1656253812_89b07dc8	181	2
breakout_1656253812_89b07dc8	183	3
breakout_1656253812_89b07dc8	186	2
breakout_1656253812_89b07dc8	188	
breakout_1656253812_89b07dc8	191	
breakout_1656253812_89b07dc8	193	2
breakout_1656253812_89b07dc8	196	1
breakout_1656253812_89b07dc8	198	2
breakout_1656253812_89b07dc8	201	1
breakout_1656253812_89b07dc8	204	
breakout_1656253812_89b07dc8	206	
breakout_1656253812_89b07dc8	209	
breakout_1656253812_89b07dc8	211	1
breakout_1656253812_89b07dc8	214	1
breakout_1656253812_89b07dc8	216	3
breakout_1656253812_89b07dc8	219	2
breakout_1656253812_89b07dc8	221	2
breakout_1656253812_89b07dc8	224	5
breakout_1656253812_89b07dc8	226	2
breakout_1656253812_89b07dc8	229	5
breakout_1656253812_89b07dc8	231	1
breakout_1656253812_89b07dc8	234	2
breakout_1656253812_89b07dc8	237	2
breakout_1656253812_89b07dc8	239	4
breakout_1656253812_89b07dc8	242	2
breakout_1656253812_89b07dc8	244	3
breakout_1656253812_89b07dc8	247	6
breakout_1656253812_89b07dc8	249	3
breakout_1656253812_89b07dc8	252	2
breakout_1656253812_89b07dc8	254	
breakout_1656253812_89b07dc8	257	3
breakout_1656253812_89b07dc8	259	3
breakout_1656253812_89b07dc8	262	
breakout_1656253812_89b07dc8	264	2
breakout_1656253812_89b07dc8	267	3
breakout_1656253812_89b07dc8	270	1
breakout_1656253812_89b07dc8	272	2
breakout_1656253812_89b07dc8	275	3
breakout_1656253812_89b07dc8	277	1
breakout_1656253812_89b07dc8	280	4
breakout_1656253812_89b07dc8	282	1
breakout_1656253812_89b07dc8	285	2
breakout_1656253812_89b07dc8	287	2
breakout_1656253812_89b07dc8	290	4
breakout_1656253812_89b07dc8	292	3
breakout_1656253812_89b07dc8	295	3
breakout_1656253812_89b07dc8	297	3
breakout_1656253812_89b07dc8	300	3
breakout_1656253812_89b07dc8	303	4
breakout_1656253812_89b07dc8	305	3
breakout_1656253812_89b07dc8	308	2
breakout_1656253812_89b07dc8	310	3
breakout_1656253812_89b07dc8	313	3
breakout_1656253812_89b07dc8	315	3
breakout_1656253812_89b07dc8	318	3
breakout_1656253812_89b07dc8	320	3
breakout_1656253812_89b07dc8	323	4
breakout_1656253812_89b07dc8	325	1
breakout_1656253812_89b07dc8	328	
breakout_1656253812_89b07dc8	330	3
breakout_1656253812_89b07dc8	333	3
breakout_1656253812_89b07dc8	336	3
breakout_1656253812_89b07dc8	338	3
breakout_1656253812_89b07dc8	341	5
breakout_1656253812_89b07dc8	343	4
breakout_1656253812_89b07dc8	346	2
breakout_1656253812_89b07dc8	348	4
breakout_1656253812_89b07dc8	351	1
breakout_1656253812_89b07dc8	353	2
breakout_1656253812_89b07dc8	356	3
breakout_1656253812_89b07dc8	358	2
breakout_1656253812_89b07dc8	361	2
breakout_1656253812_89b07dc8	363	2
breakout_1656253812_89b07dc8	366	4
breakout_1656253812_89b07dc8	369	4
breakout_1656253812_89b07dc8	371	6
breakout_1656253812_89b07dc8	374	2
breakout_1656253812_89b07dc8	376	5
breakout_1656253812_89b07dc8	379	3
breakout_1656253812_89b07dc8	381	3
breakout_1656253812_89b07dc8	384	2
breakout_1656253812_89b07dc8	386	3
breakout_1656253812_89b07dc8	389	
breakout_1656253812_89b07dc8	391	2
breakout_1656253812_89b07dc8	394	5
breakout_1656253812_89b07dc8	396	3
breakout_1656253812_89b07dc8	399	2
breakout_1656253812_89b07dc8	402	6
breakout_1656253812_89b07dc8	404	7
breakout_1656253812_89b07dc8	407	2
breakout_1656253812_89b07dc8	409	2
breakout_1656253812_89b07dc8	412	1
breakout_1656253812_89b07dc8	414	3
breakout_1656253812_89b07dc8	417	3
breakout_1656253812_89b07dc8	419	1
breakout_1656253812_89b07dc8	422	6
breakout_1656253812_89b07dc8	424	1
breakout_1656253812_89b07dc8	427	1
breakout_1656253812_89b07dc8	429	1
breakout_1656253812_89b07dc8	432	4
breakout_1656253812_89b07dc8	434	2
breakout_1656253812_89b07dc8	437	3
breakout_1656253812_89b07dc8	440	2
breakout_1656253812_89b07dc8	442	7
breakout_1656253812_89b07dc8	445	2
breakout_1656253812_89b07dc8	447	6
breakout_1656253812_89b07dc8	450	3
breakout_1656253812_89b07dc8	452	2
breakout_1656253812_89b07dc8	455	11
breakout_1656253812_89b07dc8	457	4
breakout_1656253812_89b07dc8	460	1
breakout_1656253812_89b07dc8	462	3
breakout_1656253812_89b07dc8	465	2
breakout_1656253812_89b07dc8	467	3
breakout_1656253812_89b07dc8	470	3
breakout_1656253812_89b07dc8	473	8
breakout_1656253812_89b07dc8	475	3
breakout_1656253812_89b07dc8	478	1
breakout_1656253812_89b07dc8	480	1
breakout_1656253812_89b07dc8	483	2
breakout_1656253812_89b07dc8	485	4
breakout_1656253812_89b07dc8	488	4
breakout_1656253812_89b07dc8	490	3
breakout_1656253812_89b07dc8	493	2
breakout_1656253812_89b07dc8	495	5
breakout_1656253812_89b07dc8	498	6
breakout_1656253812_89b07dc8	500	4
breakout_1656253812_89b07dc8	503	4
breakout_1656253812_89b07dc8	506	3
breakout_1656253812_89b07dc8	508	4
breakout_1656253812_89b07dc8	511	2
breakout_1656253812_89b07dc8	513	1
breakout_1656253812_89b07dc8	516	3
breakout_1656253812_89b07dc8	518	5
breakout_1656253812_89b07dc8	521	3
breakout_1656253812_89b07dc8	523	2
breakout_1656253812_89b07dc8	526	3
breakout_1656253812_89b07dc8	528	3
breakout_1656253812_89b07dc8	531	3
breakout_1656253812_89b07dc8	533	3
breakout_1656253812_89b07dc8	536	7
breakout_1656253812_89b07dc8	539	3
breakout_1656253812_89b07dc8	541	4
breakout_1656253812_89b07dc8	544	2
breakout_1656253812_89b07dc8	546	1
breakout_1656253812_89b07dc8	549	4
breakout_1656253812_89b07dc8	551	3
breakout_1656253812_89b07dc8	554	3
breakout_1656253812_89b07dc8	556	3
breakout_1656253812_89b07dc8	559	2
breakout_1656253812_89b07dc8	561	5
breakout_1656253812_89b07dc8	564	4
breakout_1656253812_89b07dc8	566	5
breakout_1656253812_89b07dc8	569	6
breakout_1656253812_89b07dc8	572	1
breakout_1656253812_89b07dc8	574	3
breakout_1656253812_89b07dc8	577	5
breakout_1656253812_89b07dc8	579	5
breakout_1656253812_89b07dc8	582	3
breakout_1656253812_89b07dc8	584	6
breakout_1656253812_89b07dc8	587	3
breakout_1656253812_89b07dc8	589	1
breakout_1656253812_89b07dc8	592	3
breakout_1656253812_89b07dc8	594	3
breakout_1656253812_89b07dc8	597	3
breakout_1656253812_89b07dc8	599	2
breakout_1656253812_89b07dc8	602	4
breakout_1656253812_89b07dc8	605	3
breakout_1656253812_89b07dc8	607	4
breakout_1656253812_89b07dc8	610	4
breakout_1656253812_89b07dc8	612	4
breakout_1656253812_89b07dc8	615	2
breakout_1656253812_89b07dc8	617	2
breakout_1656253812_89b07dc8	620	4
breakout_1656253812_89b07dc8	622	4
breakout_1656253812_89b07dc8	625	2
breakout_1656253812_89b07dc8	627	8
breakout_1656253812_89b07dc8	630	4
breakout_1656253812_89b07dc8	632	2
breakout_1656253812_89b07dc8	635	3
breakout_1656253812_89b07dc8	638	3
breakout_1656253812_89b07dc8	640	3
breakout_1656253812_89b07dc8	643	
breakout_1656253812_89b07dc8	645	6
breakout_1656253812_89b07dc8	648	3
breakout_1656253812_89b07dc8	650	5
breakout_1656253812_89b07dc8	653	4
breakout_1656253812_89b07dc8	655	3
breakout_1656253812_89b07dc8	658	6
breakout_1656253812_89b07dc8	660	1
breakout_1656253812_89b07dc8	663	6
breakout_1656253812_89b07dc8	665	3
breakout_1656253812_89b07dc8	668	2
breakout_1656253812_89b07dc8	671	4
breakout_1656253812_89b07dc8	673	1
breakout_1656253812_89b07dc8	676	1
breakout_1656253812_89b07dc8	678	5
breakout_1656253812_89b07dc8	681	6
breakout_1656253812_89b07dc8	683	6
breakout_1656253812_89b07dc8	686	3
breakout_1656253812_89b07dc8	688	7
breakout_1656253812_89b07dc8	691	2
breakout_1656253812_89b07dc8	693	4
breakout_1656253812_89b07dc8	696	3
breakout_1656253812_89b07dc8	698	4
breakout_1656253812_89b07dc8	701	5
breakout_1656253812_89b07dc8	704	6
breakout_1656253812_89b07dc8	706	6
breakout_1656253812_89b07dc8	709	5
breakout_1656253812_89b07dc8	711	5
breakout_1656253812_89b07dc8	714	6
breakout_1656253812_89b07dc8	716	4
breakout_1656253812_89b07dc8	719	3
breakout_1656253812_89b07dc8	721	1
breakout_1656253812_89b07dc8	724	2
breakout_1656253812_89b07dc8	726	2
breakout_1656253812_89b07dc8	729	3
breakout_1656253812_89b07dc8	731	3
breakout_1656253812_89b07dc8	734	4
breakout_1656253812_89b07dc8	737	2
breakout_1656253812_89b07dc8	739	4
breakout_1656253812_89b07dc8	742	6
breakout_1656253812_89b07dc8	744	3
breakout_1656253812_89b07dc8	747	3
breakout_1656253812_89b07dc8	749	3
breakout_1656253812_89b07dc8	752	3
breakout_1656253812_89b07dc8	754	5
breakout_1656253812_89b07dc8	757	4
breakout_1656253812_89b07dc8	759	5
breakout_1656253812_89b07dc8	762	7
breakout_1656253812_89b07dc8	764	3
breakout_1656253812_89b07dc8	767	5
breakout_1656253812_89b07dc8	770	5
breakout_1656253812_89b07dc8	772	6
breakout_1656253812_89b07dc8	775	5
breakout_1656253812_89b07dc8	777	3
breakout_1656253812_89b07dc8	780	5
breakout_1656253812_89b07dc8	782	2
breakout_1656253812_89b07dc8	785	5
breakout_1656253812_89b07dc8	787	4
breakout_1656253812_89b07dc8	790	7
breakout_1656253812_89b07dc8	792	3
breakout_1656253812_89b07dc8	795	4
breakout_1656253812_89b07dc8	797	3
breakout_1656253812_89b07dc8	800	8
breakout_1656253812_89b07dc8	803	3
breakout_1656253812_89b07dc8	805	7
breakout_1656253812_89b07dc8	808	4
breakout_1656253812_89b07dc8	810	3
breakout_1656253812_89b07dc8	813	4
breakout_1656253812_89b07dc8	815	4
breakout_1656253812_89b07dc8	818	3
breakout_1656253812_89b07dc8	820	6
breakout_1656253812_89b07dc8	823	9
breakout_1656253812_89b07dc8	825	4
breakout_1656253812_89b07dc8	828	3
breakout_1656253812_89b07dc8	830	3
breakout_1656253812_89b07dc8	833	5
breakout_1656253812_89b07dc8	836	6
breakout_1656253812_89b07dc8	838	5
breakout_1656253812_89b07dc8	841	3
breakout_1656253812_89b07dc8	843	6
breakout_1656253812_89b07dc8	846	2
breakout_1656253812_89b07dc8	848	4
breakout_1656253812_89b07dc8	851	4
breakout_1656253812_89b07dc8	853	8
breakout_1656253812_89b07dc8	856	8
breakout_1656253812_89b07dc8	858	3
breakout_1656253812_89b07dc8	861	5
breakout_1656253812_89b07dc8	863	10
breakout_1656253812_89b07dc8	866	5
breakout_1656253812_89b07dc8	868	5
breakout_1656253812_89b07dc8	871	5
breakout_1656253812_89b07dc8	874	6
breakout_1656253812_89b07dc8	876	6
breakout_1656253812_89b07dc8	879	2
breakout_1656253812_89b07dc8	881	10
breakout_1656253812_89b07dc8	884	10
breakout_1656253812_89b07dc8	886	5
breakout_1656253812_89b07dc8	889	3
breakout_1656253812_89b07dc8	891	3
breakout_1656253812_89b07dc8	894	6
breakout_1656253812_89b07dc8	896	9
breakout_1656253812_89b07dc8	899	3
breakout_1656253812_89b07dc8	901	5
breakout_1656253812_89b07dc8	904	6
breakout_1656253812_89b07dc8	907	5
breakout_1656253812_89b07dc8	909	9
breakout_1656253812_89b07dc8	912	5
breakout_1656253812_89b07dc8	914	3
breakout_1656253812_89b07dc8	917	4
breakout_1656253812_89b07dc8	919	6
breakout_1656253812_89b07dc8	922	7
breakout_1656253812_89b07dc8	924	6
breakout_1656253812_89b07dc8	927	3
breakout_1656253812_89b07dc8	929	6
breakout_1656253812_89b07dc8	932	4
breakout_1656253812_89b07dc8	934	7
breakout_1656253812_89b07dc8	937	5
breakout_1656253812_89b07dc8	940	3
breakout_1656253812_89b07dc8	942	2
breakout_1656253812_89b07dc8	945	9
breakout_1656253812_89b07dc8	947	5
breakout_1656253812_89b07dc8	950	4
breakout_1656253812_89b07dc8	952	6
breakout_1656253812_89b07dc8	955	11
breakout_1656253812_89b07dc8	957	5
breakout_1656253812_89b07dc8	960	6
breakout_1656253812_89b07dc8	962	2
breakout_1656253812_89b07dc8	965	5
breakout_1656253812_89b07dc8	967	3
breakout_1656253812_89b07dc8	970	5
breakout_1656253812_89b07dc8	973	7
breakout_1656253812_89b07dc8	975	4
breakout_1656253812_89b07dc8	978	6
breakout_1656253812_89b07dc8	980	6
breakout_1656253812_89b07dc8	983	7
breakout_1656253812_89b07dc8	985	11
breakout_1656253812_89b07dc8	988	5
breakout_1656253812_89b07dc8	990	7
breakout_1656253812_89b07dc8	993	6
breakout_1656253812_89b07dc8	995	5
breakout_1656253812_89b07dc8	998	3
breakout_1656253812_89b07dc8	1000	2
breakout_1656253812_89b07dc8	1003	3
breakout_1656253812_89b07dc8	1006	4
breakout_1656253812_89b07dc8	1008	3
breakout_1656253812_89b07dc8	1011	9
breakout_1656253812_89b07dc8	1013	4
breakout_1656253812_89b07dc8	1016	4
breakout_1656253812_89b07dc8	1018	3
breakout_1656253812_89b07dc8	1021	3
breakout_1656253812_89b07dc8	1023	4
breakout_1656253812_89b07dc8	1026	5
breakout_1656253812_89b07dc8	1028	8
breakout_1656253812_89b07dc8	1031	5
breakout_1656253812_89b07dc8	1033	8
breakout_1656253812_89b07dc8	1036	3
breakout_1656253812_89b07dc8	1039	8
breakout_1656253812_89b07dc8	1041	5
breakout_1656253812_89b07dc8	1044	6
breakout_1656253812_89b07dc8	1046	2
breakout_1656253812_89b07dc8	1049	4
breakout_1656253812_89b07dc8	1051	2
breakout_1656253812_89b07dc8	1054	7
breakout_1656253812_89b07dc8	1056	4
breakout_1656253812_89b07dc8	1059	6
breakout_1656253812_89b07dc8	1061	6
breakout_1656253812_89b07dc8	1064	4
breakout_1656253812_89b07dc8	1066	8
breakout_1656253812_89b07dc8	1069	13
breakout_1656253812_89b07dc8	1072	6
breakout_1656253812_89b07dc8	1074	1
breakout_1656253812_89b07dc8	1077	6
breakout_1656253812_89b07dc8	1079	6
breakout_1656253812_89b07dc8	1082	6
breakout_1656253812_89b07dc8	1084	7
breakout_1656253812_89b07dc8	1087	15
breakout_1656253812_89b07dc8	1089	7
breakout_1656253812_89b07dc8	1092	4
breakout_1656253812_89b07dc8	1094	9
breakout_1656253812_89b07dc8	1097	4
breakout_1656253812_89b07dc8	1099	3
breakout_1656253812_89b07dc8	1102	6
breakout_1656253812_89b07dc8	1105	6
breakout_1656253812_89b07dc8	1107	5
breakout_1656253812_89b07dc8	1110	4
breakout_1656253812_89b07dc8	1112	4
breakout_1656253812_89b07dc8	1115	6
breakout_1656253812_89b07dc8	1117	9
breakout_1656253812_89b07dc8	1120	8
breakout_1656253812_89b07dc8	1122	4
breakout_1656253812_89b07dc8	1125	5
breakout_1656253812_89b07dc8	1127	5
breakout_1656253812_89b07dc8	1130	9
breakout_1656253812_89b07dc8	1132	6
breakout_1656253812_89b07dc8	1135	6
breakout_1656253812_89b07dc8	1138	4
breakout_1656253812_89b07dc8	1140	6
breakout_1656253812_89b07dc8	1143	7
breakout_1656253812_89b07dc8	1145	7
breakout_1656253812_89b07dc8	1148	4
breakout_1656253812_89b07dc8	1150	5
breakout_1656253812_89b07dc8	1153	6
breakout_1656253812_89b07dc8	1155	7
breakout_1656253812_89b07dc8	1158	6
breakout_1656253812_89b07dc8	1160	6
breakout_1656253812_89b07dc8	1163	6
breakout_1656253812_89b07dc8	1165	7
breakout_1656253812_89b07dc8	1168	4
breakout_1656253812_89b07dc8	1171	5
breakout_1656253812_89b07dc8	1173	5
breakout_1656253812_89b07dc8	1176	6
breakout_1656253812_89b07dc8	1178	6
breakout_1656253812_89b07dc8	1181	1
breakout_1656253812_89b07dc8	1183	6
breakout_1656253812_89b07dc8	1186	5
breakout_1656253812_89b07dc8	1188	7
breakout_1656253812_89b07dc8	1191	7
breakout_1656253812_89b07dc8	1193	7
breakout_1656253812_89b07dc8	1196	3
breakout_1656253812_89b07dc8	1198	6
breakout_1656253812_89b07dc8	1201	3
breakout_1656253812_89b07dc8	1204	4
breakout_1656253812_89b07dc8	1206	4
breakout_1656253812_89b07dc8	1209	4
breakout_1656253812_89b07dc8	1211	4
breakout_1656253812_89b07dc8	1214	9
breakout_1656253812_89b07dc8	1216	4
breakout_1656253812_89b07dc8	1219	5
breakout_1656253812_89b07dc8	1221	8
breakout_1656253812_89b07dc8	1224	4
breakout_1656253812_89b07dc8	1226	10
breakout_1656253812_89b07dc8	1229	4
breakout_1656253812_89b07dc8	1231	4
breakout_1656253812_89b07dc8	1234	10
breakout_1656253812_89b07dc8	1237	4
breakout_1656253812_89b07dc8	1239	7
breakout_1656253812_89b07dc8	1242	3
breakout_1656253812_89b07dc8	1244	5
breakout_1656253812_89b07dc8	1247	11
breakout_1656253812_89b07dc8	1249	3
breakout_1656253812_89b07dc8	1252	6
breakout_1656253812_89b07dc8	1254	10
breakout_1656253812_89b07dc8	1257	6
breakout_1656253812_89b07dc8	1259	9
breakout_1656253812_89b07dc8	1262	7
breakout_1656253812_89b07dc8	1264	4
breakout_1656253812_89b07dc8	1267	7
breakout_1656253812_89b07dc8	1269	5
breakout_1656253812_89b07dc8	1272	6
breakout_1656253812_89b07dc8	1275	6
breakout_1656253812_89b07dc8	1277	8
breakout_1656253812_89b07dc8	1280	4
breakout_1656253812_89b07dc8	1282	6
breakout_1656253812_89b07dc8	1285	6
breakout_1656253812_89b07dc8	1287	3
breakout_1656253812_89b07dc8	1290	4
breakout_1656253812_89b07dc8	1292	7
breakout_1656253812_89b07dc8	1295	6
breakout_1656253812_89b07dc8	1297	7
breakout_1656253812_89b07dc8	1300	6
breakout_1656253812_89b07dc8	1302	6
breakout_1656253812_89b07dc8	1305	7
breakout_1656253812_89b07dc8	1308	4
breakout_1656253812_89b07dc8	1310	5
breakout_1656253812_89b07dc8	1313	9
breakout_1656253812_89b07dc8	1315	6
breakout_1656253812_89b07dc8	1318	8
breakout_1656253812_89b07dc8	1320	4
breakout_1656253812_89b07dc8	1323	9
breakout_1656253812_89b07dc8	1325	7
breakout_1656253812_89b07dc8	1328	9
breakout_1656253812_89b07dc8	1330	9
breakout_1656253812_89b07dc8	1333	9
breakout_1656253812_89b07dc8	1335	8
breakout_1656253812_89b07dc8	1338	9
breakout_1656253812_89b07dc8	1341	7
breakout_1656253812_89b07dc8	1343	5
breakout_1656253812_89b07dc8	1346	5
breakout_1656253812_89b07dc8	1348	7
breakout_1656253812_89b07dc8	1351	7
breakout_1656253812_89b07dc8	1353	6
breakout_1656253812_89b07dc8	1356	4
breakout_1656253812_89b07dc8	1358	6
breakout_1656253812_89b07dc8	1361	5
breakout_1656253812_89b07dc8	1363	7
breakout_1656253812_89b07dc8	1366	8
breakout_1656253812_89b07dc8	1368	6
breakout_1656253812_89b07dc8	1371	9
breakout_1656253812_89b07dc8	1374	7
breakout_1656253812_89b07dc8	1376	7
breakout_1656253812_89b07dc8	1379	5
breakout_1656253812_89b07dc8	1381	14
breakout_1656253812_89b07dc8	1384	7
breakout_1656253812_89b07dc8	1386	5
breakout_1656253812_89b07dc8	1389	7
breakout_1656253812_89b07dc8	1391	6
breakout_1656253812_89b07dc8	1394	4
breakout_1656253812_89b07dc8	1396	10
breakout_1656253812_89b07dc8	1399	7
breakout_1656253812_89b07dc8	1401	8
breakout_1656253812_89b07dc8	1404	7
breakout_1656253812_89b07dc8	1407	5
breakout_1656253812_89b07dc8	1409	5
breakout_1656253812_89b07dc8	1412	8
breakout_1656253812_89b07dc8	1414	3
breakout_1656253812_89b07dc8	1417	7
breakout_1656253812_89b07dc8	1419	6
breakout_1656253812_89b07dc8	1422	4
breakout_1656253812_89b07dc8	1424	5
breakout_1656253812_89b07dc8	1427	9
breakout_1656253812_89b07dc8	1429	5
breakout_1656253812_89b07dc8	1432	7
breakout_1656253812_89b07dc8	1434	9
breakout_1656253812_89b07dc8	1437	6
breakout_1656253812_89b07dc8	1440	9
breakout_1656253812_89b07dc8	1442	6
breakout_1656253812_89b07dc8	1445	12
breakout_1656253812_89b07dc8	1447	8
breakout_1656253812_89b07dc8	1450	8
breakout_1656253812_89b07dc8	1452	15
breakout_1656253812_89b07dc8	1455	18
breakout_1656253812_89b07dc8	1457	7
breakout_1656253812_89b07dc8	1460	7
breakout_1656253812_89b07dc8	1462	8
breakout_1656253812_89b07dc8	1465	7
breakout_1656253812_89b07dc8	1467	4
breakout_1656253812_89b07dc8	1470	6
breakout_1656253812_89b07dc8	1473	4
breakout_1656253812_89b07dc8	1475	17
breakout_1656253812_89b07dc8	1478	9
breakout_1656253812_89b07dc8	1480	10
breakout_1656253812_89b07dc8	1483	9
breakout_1656253812_89b07dc8	1485	5
breakout_1656253812_89b07dc8	1488	5
breakout_1656253812_89b07dc8	1490	5
breakout_1656253812_89b07dc8	1493	5
breakout_1656253812_89b07dc8	1495	10
breakout_1656253812_89b07dc8	1498	3
breakout_1656253812_89b07dc8	1500	3
breakout_1656253812_89b07dc8	1503	5
breakout_1656253812_89b07dc8	1506	5
breakout_1656253812_89b07dc8	1508	8
breakout_1656253812_89b07dc8	1511	5
breakout_1656253812_89b07dc8	1513	9
breakout_1656253812_89b07dc8	1516	8
breakout_1656253812_89b07dc8	1518	11
breakout_1656253812_89b07dc8	1521	4
breakout_1656253812_89b07dc8	1523	4
breakout_1656253812_89b07dc8	1526	8
breakout_1656253812_89b07dc8	1528	8
breakout_1656253812_89b07dc8	1531	4
breakout_1656253812_89b07dc8	1533	5
breakout_1656253812_89b07dc8	1536	6
breakout_1656253812_89b07dc8	1539	10
breakout_1656253812_89b07dc8	1541	7
breakout_1656253812_89b07dc8	1544	6
breakout_1656253812_89b07dc8	1546	5
breakout_1656253812_89b07dc8	1549	4
breakout_1656253812_89b07dc8	1551	6
breakout_1656253812_89b07dc8	1554	6
breakout_1656253812_89b07dc8	1556	7
breakout_1656253812_89b07dc8	1559	10
breakout_1656253812_89b07dc8	1561	7
breakout_1656253812_89b07dc8	1564	2
breakout_1656253812_89b07dc8	1566	8
breakout_1656253812_89b07dc8	1569	5
breakout_1656253812_89b07dc8	1572	6
breakout_1656253812_89b07dc8	1574	5
breakout_1656253812_89b07dc8	1577	5
breakout_1656253812_89b07dc8	1579	10
breakout_1656253812_89b07dc8	1582	7
breakout_1656253812_89b07dc8	1584	12
breakout_1656253812_89b07dc8	1587	4
breakout_1656253812_89b07dc8	1589	4
breakout_1656253812_89b07dc8	1592	5
breakout_1656253812_89b07dc8	1594	5
breakout_1656253812_89b07dc8	1597	5
breakout_1656253812_89b07dc8	1599	20
breakout_1656253812_89b07dc8	1602	2
breakout_1656253812_89b07dc8	1605	11
breakout_1656253812_89b07dc8	1607	5
breakout_1656253812_89b07dc8	1610	6
breakout_1656253812_89b07dc8	1612	7
breakout_1656253812_89b07dc8	1615	8
breakout_1656253812_89b07dc8	1617	6
breakout_1656253812_89b07dc8	1620	12
breakout_1656253812_89b07dc8	1622	13
breakout_1656253812_89b07dc8	1625	5
breakout_1656253812_89b07dc8	1627	12
breakout_1656253812_89b07dc8	1630	8
breakout_1656253812_89b07dc8	1632	7
breakout_1656253812_89b07dc8	1635	8
breakout_1656253812_89b07dc8	1638	5
breakout_1656253812_89b07dc8	1640	9
breakout_1656253812_89b07dc8	1643	13
breakout_1656253812_89b07dc8	1645	8
breakout_1656253812_89b07dc8	1648	5
breakout_1656253812_89b07dc8	1650	14
breakout_1656253812_89b07dc8	1653	8
breakout_1656253812_89b07dc8	1655	8
breakout_1656253812_89b07dc8	1658	11
breakout_1656253812_89b07dc8	1660	11
breakout_1656253812_89b07dc8	1663	11
breakout_1656253812_89b07dc8	1665	5
breakout_1656253812_89b07dc8	1668	9
breakout_1656253812_89b07dc8	1671	8
breakout_1656253812_89b07dc8	1673	5
breakout_1656253812_89b07dc8	1676	8
breakout_1656253812_89b07dc8	1678	10
breakout_1656253812_89b07dc8	1681	6
breakout_1656253812_89b07dc8	1683	8
breakout_1656253812_89b07dc8	1686	8
breakout_1656253812_89b07dc8	1688	7
breakout_1656253812_89b07dc8	1691	4
breakout_1656253812_89b07dc8	1693	7
breakout_1656253812_89b07dc8	1696	6
breakout_1656253812_89b07dc8	1698	8
breakout_1656253812_89b07dc8	1701	9
breakout_1656253812_89b07dc8	1703	6
breakout_1656253812_89b07dc8	1706	7
breakout_1656253812_89b07dc8	1709	5
breakout_1656253812_89b07dc8	1711	8
breakout_1656253812_89b07dc8	1714	
breakout_1656253812_89b07dc8	1716	8
breakout_1656253812_89b07dc8	1719	13
breakout_1656253812_89b07dc8	1721	18
breakout_1656253812_89b07dc8	1724	10
breakout_1656253812_89b07dc8	1726	5
breakout_1656253812_89b07dc8	1729	8
breakout_1656253812_89b07dc8	1731	6
breakout_1656253812_89b07dc8	1734	14
breakout_1656253812_89b07dc8	1736	8
breakout_1656253812_89b07dc8	1739	16
breakout_1656253812_89b07dc8	1742	9
breakout_1656253812_89b07dc8	1744	9
breakout_1656253812_89b07dc8	1747	13
breakout_1656253812_89b07dc8	1749	3
breakout_1656253812_89b07dc8	1752	5
breakout_1656253812_89b07dc8	1754	6
breakout_1656253812_89b07dc8	1757	6
breakout_1656253812_89b07dc8	1759	7
breakout_1656253812_89b07dc8	1762	8
breakout_1656253812_89b07dc8	1764	5
breakout_1656253812_89b07dc8	1767	8
breakout_1656253812_89b07dc8	1769	10
breakout_1656253812_89b07dc8	1772	9
breakout_1656253812_89b07dc8	1775	13
breakout_1656253812_89b07dc8	1777	6
breakout_1656253812_89b07dc8	1780	10
breakout_1656253812_89b07dc8	1782	8
breakout_1656253812_89b07dc8	1785	4
breakout_1656253812_89b07dc8	1787	16
breakout_1656253812_89b07dc8	1790	5
breakout_1656253812_89b07dc8	1792	3
breakout_1656253812_89b07dc8	1795	6
breakout_1656253812_89b07dc8	1797	12
breakout_1656253812_89b07dc8	1800	4
breakout_1656253812_89b07dc8	1802	11
breakout_1656253812_89b07dc8	1805	7
breakout_1656253812_89b07dc8	1808	11
breakout_1656253812_89b07dc8	1810	5
breakout_1656253812_89b07dc8	1813	4
breakout_1656253812_89b07dc8	1815	15
breakout_1656253812_89b07dc8	1818	13
breakout_1656253812_89b07dc8	1820	6
breakout_1656253812_89b07dc8	1823	7
breakout_1656253812_89b07dc8	1825	8
breakout_1656253812_89b07dc8	1828	8
breakout_1656253812_89b07dc8	1830	6
breakout_1656253812_89b07dc8	1833	13
breakout_1656253812_89b07dc8	1835	5
breakout_1656253812_89b07dc8	1838	3
breakout_1656253812_89b07dc8	1841	2
breakout_1656253812_89b07dc8	1843	14
breakout_1656253812_89b07dc8	1846	6
breakout_1656253812_89b07dc8	1848	8
breakout_1656253812_89b07dc8	1851	9
breakout_1656253812_89b07dc8	1853	5
breakout_1656253812_89b07dc8	1856	10
breakout_1656253812_89b07dc8	1858	9
breakout_1656253812_89b07dc8	1861	5
breakout_1656253812_89b07dc8	1863	4
breakout_1656253812_89b07dc8	1866	4
breakout_1656253812_89b07dc8	1868	12
breakout_1656253812_89b07dc8	1871	17
breakout_1656253812_89b07dc8	1874	7
breakout_1656253812_89b07dc8	1876	13
breakout_1656253812_89b07dc8	1879	9
breakout_1656253812_89b07dc8	1881	4
breakout_1656253812_89b07dc8	1884	5
breakout_1656253812_89b07dc8	1886	5
breakout_1656253812_89b07dc8	1889	8
breakout_1656253812_89b07dc8	1891	8
breakout_1656253812_89b07dc8	1894	9
breakout_1656253812_89b07dc8	1896	5
breakout_1656253812_89b07dc8	1899	6
breakout_1656253812_89b07dc8	1901	8
breakout_1656253812_89b07dc8	1904	8
breakout_1656253812_89b07dc8	1907	4
breakout_1656253812_89b07dc8	1909	10
breakout_1656253812_89b07dc8	1912	6
breakout_1656253812_89b07dc8	1914	5
breakout_1656253812_89b07dc8	1917	5
breakout_1656253812_89b07dc8	1919	8
breakout_1656253812_89b07dc8	1922	8
breakout_1656253812_89b07dc8	1924	8
breakout_1656253812_89b07dc8	1927	5
breakout_1656253812_89b07dc8	1929	7
breakout_1656253812_89b07dc8	1932	6
breakout_1656253812_89b07dc8	1934	7
breakout_1656253812_89b07dc8	1937	10
breakout_1656253812_89b07dc8	1940	5
breakout_1656253812_89b07dc8	1942	11
breakout_1656253812_89b07dc8	1945	6
breakout_1656253812_89b07dc8	1947	5
breakout_1656253812_89b07dc8	1950	14
breakout_1656253812_89b07dc8	1952	5
breakout_1656253812_89b07dc8	1955	10
breakout_1656253812_89b07dc8	1957	5
breakout_1656253812_89b07dc8	1960	15
breakout_1656253812_89b07dc8	1962	6
breakout_1656253812_89b07dc8	1965	5
breakout_1656253812_89b07dc8	1967	11
breakout_1656253812_89b07dc8	1970	4
breakout_1656253812_89b07dc8	1973	14
breakout_1656253812_89b07dc8	1975	7
breakout_1656253812_89b07dc8	1978	7
breakout_1656253812_89b07dc8	1980	15
breakout_1656253812_89b07dc8	1983	7
breakout_1656253812_89b07dc8	1985	8
breakout_1656253812_89b07dc8	1988	12
breakout_1656253812_89b07dc8	1990	10
breakout_1656253812_89b07dc8	1993	4
breakout_1656253812_89b07dc8	1995	8
breakout_1656253812_89b07dc8	1998	4
breakout_1656253812_89b07dc8	2000	7
breakout_1656253812_89b07dc8	2003	4
breakout_1656253812_89b07dc8	2006	5
breakout_1656253812_89b07dc8	2008	6
breakout_1656253812_89b07dc8	2011	5
breakout_1656253812_89b07dc8	2013	14
breakout_1656253812_89b07dc8	2016	8
breakout_1656253812_89b07dc8	2018	14
breakout_1656253812_89b07dc8	2021	9
breakout_1656253812_89b07dc8	2023	6
breakout_1656253812_89b07dc8	2026	10
breakout_1656253812_89b07dc8	2028	17
breakout_1656253812_89b07dc8	2031	9
breakout_1656253812_89b07dc8	2033	4
breakout_1656253812_89b07dc8	2036	8
breakout_1656253812_89b07dc8	2039	9
breakout_1656253812_89b07dc8	2041	7
breakout_1656253812_89b07dc8	2044	11
breakout_1656253812_89b07dc8	2046	8
breakout_1656253812_89b07dc8	2049	5
breakout_1656253812_89b07dc8	2051	4
breakout_1656253812_89b07dc8	2054	4
breakout_1656253812_89b07dc8	2056	6
breakout_1656253812_89b07dc8	2059	2
breakout_1656253812_89b07dc8	2061	10
breakout_1656253812_89b07dc8	2064	12
breakout_1656253812_89b07dc8	2066	4
breakout_1656253812_89b07dc8	2069	6
breakout_1656253812_89b07dc8	2072	11
breakout_1656253812_89b07dc8	2074	10
breakout_1656253812_89b07dc8	2077	5
breakout_1656253812_89b07dc8	2079	6
breakout_1656253812_89b07dc8	2082	8
breakout_1656253812_89b07dc8	2084	9
breakout_1656253812_89b07dc8	2087	12
breakout_1656253812_89b07dc8	2089	13
breakout_1656253812_89b07dc8	2092	18
breakout_1656253812_89b07dc8	2094	4
breakout_1656253812_89b07dc8	2097	11
breakout_1656253812_89b07dc8	2099	9
breakout_1656253812_89b07dc8	2102	10
breakout_1656253812_89b07dc8	2105	8
breakout_1656253812_89b07dc8	2107	11
breakout_1656253812_89b07dc8	2110	5
breakout_1656253812_89b07dc8	2112	6
breakout_1656253812_89b07dc8	2115	5
breakout_1656253812_89b07dc8	2117	5
breakout_1656253812_89b07dc8	2120	14
breakout_1656253812_89b07dc8	2122	6
breakout_1656253812_89b07dc8	2125	11
breakout_1656253812_89b07dc8	2127	7
breakout_1656253812_89b07dc8	2130	6
breakout_1656253812_89b07dc8	2132	16
breakout_1656253812_89b07dc8	2135	8
breakout_1656253812_89b07dc8	2137	6
breakout_1656253812_89b07dc8	2140	6
breakout_1656253812_89b07dc8	2143	8
breakout_1656253812_89b07dc8	2145	7
breakout_1656253812_89b07dc8	2148	9
breakout_1656253812_89b07dc8	2150	10
breakout_1656253812_89b07dc8	2153	7
breakout_1656253812_89b07dc8	2155	9
breakout_1656253812_89b07dc8	2158	12
breakout_1656253812_89b07dc8	2160	9
breakout_1656253812_89b07dc8	2163	9
breakout_1656253812_89b07dc8	2165	5
breakout_1656253812_89b07dc8	2168	7
breakout_1656253812_89b07dc8	2170	13
breakout_1656253812_89b07dc8	2173	12
breakout_1656253812_89b07dc8	2176	7
breakout_1656253812_89b07dc8	2178	15
breakout_1656253812_89b07dc8	2181	9
breakout_1656253812_89b07dc8	2183	11
breakout_1656253812_89b07dc8	2186	6
breakout_1656253812_89b07dc8	2188	4
breakout_1656253812_89b07dc8	2191	6
breakout_1656253812_89b07dc8	2193	11
breakout_1656253812_89b07dc8	2196	9
breakout_1656253812_89b07dc8	2198	8
breakout_1656253812_89b07dc8	2201	5
breakout_1656253812_89b07dc8	2203	9
breakout_1656253812_89b07dc8	2206	11
breakout_1656253812_89b07dc8	2209	14
breakout_1656253812_89b07dc8	2211	4
breakout_1656253812_89b07dc8	2214	11
breakout_1656253812_89b07dc8	2216	13
breakout_1656253812_89b07dc8	2219	7
breakout_1656253812_89b07dc8	2221	10
breakout_1656253812_89b07dc8	2224	7
breakout_1656253812_89b07dc8	2226	5
breakout_1656253812_89b07dc8	2229	9
breakout_1656253812_89b07dc8	2231	5
breakout_1656253812_89b07dc8	2234	8
breakout_1656253812_89b07dc8	2236	15
breakout_1656253812_89b07dc8	2239	7
breakout_1656253812_89b07dc8	2242	7
breakout_1656253812_89b07dc8	2244	10
breakout_1656253812_89b07dc8	2247	9
breakout_1656253812_89b07dc8	2249	5
breakout_1656253812_89b07dc8	2252	10
breakout_1656253812_89b07dc8	2254	3
breakout_1656253812_89b07dc8	2257	8
breakout_1656253812_89b07dc8	2259	6
breakout_1656253812_89b07dc8	2262	13
breakout_1656253812_89b07dc8	2264	9
breakout_1656253812_89b07dc8	2267	10
breakout_1656253812_89b07dc8	2269	6
breakout_1656253812_89b07dc8	2272	10
breakout_1656253812_89b07dc8	2275	12
breakout_1656253812_89b07dc8	2277	5
breakout_1656253812_89b07dc8	2280	6
breakout_1656253812_89b07dc8	2282	8
breakout_1656253812_89b07dc8	2285	11
breakout_1656253812_89b07dc8	2287	7
breakout_1656253812_89b07dc8	2290	5
breakout_1656253812_89b07dc8	2292	7
breakout_1656253812_89b07dc8	2295	17
breakout_1656253812_89b07dc8	2297	6
breakout_1656253812_89b07dc8	2300	8
breakout_1656253812_89b07dc8	2302	7
breakout_1656253812_89b07dc8	2305	9
breakout_1656253812_89b07dc8	2308	7
breakout_1656253812_89b07dc8	2310	9
breakout_1656253812_89b07dc8	2313	7
breakout_1656253812_89b07dc8	2315	9
breakout_1656253812_89b07dc8	2318	9
breakout_1656253812_89b07dc8	2320	7
breakout_1656253812_89b07dc8	2323	11
breakout_1656253812_89b07dc8	2325	3
breakout_1656253812_89b07dc8	2328	10
breakout_1656253812_89b07dc8	2330	13
breakout_1656253812_89b07dc8	2333	9
breakout_1656253812_89b07dc8	2335	6
breakout_1656253812_89b07dc8	2338	6
breakout_1656253812_89b07dc8	2341	5
breakout_1656253812_89b07dc8	2343	7
breakout_1656253812_89b07dc8	2346	10
breakout_1656253812_89b07dc8	2348	7
breakout_1656253812_89b07dc8	2351	6
breakout_1656253812_89b07dc8	2353	5
breakout_1656253812_89b07dc8	2356	8
breakout_1656253812_89b07dc8	2358	11
breakout_1656253812_89b07dc8	2361	6
breakout_1656253812_89b07dc8	2363	2
breakout_1656253812_89b07dc8	2366	6
breakout_1656253812_89b07dc8	2368	5
breakout_1656253812_89b07dc8	2371	8
breakout_1656253812_89b07dc8	2374	14
breakout_1656253812_89b07dc8	2376	9
breakout_1656253812_89b07dc8	2379	6
breakout_1656253812_89b07dc8	2381	12
breakout_1656253812_89b07dc8	2384	7
breakout_1656253812_89b07dc8	2386	17
breakout_1656253812_89b07dc8	2389	5
breakout_1656253812_89b07dc8	2391	11
breakout_1656253812_89b07dc8	2394	10
breakout_1656253812_89b07dc8	2396	6
breakout_1656253812_89b07dc8	2399	7
breakout_1656253812_89b07dc8	2401	14
breakout_1656253812_89b07dc8	2404	8
breakout_1656253812_89b07dc8	2407	11
breakout_1656253812_89b07dc8	2409	6
breakout_1656253812_89b07dc8	2412	7
breakout_1656253812_89b07dc8	2414	8
breakout_1656253812_89b07dc8	2417	8
breakout_1656253812_89b07dc8	2419	7
breakout_1656253812_89b07dc8	2422	4
breakout_1656253812_89b07dc8	2424	10
breakout_1656253812_89b07dc8	2427	13
breakout_1656253812_89b07dc8	2429	6
breakout_1656253812_89b07dc8	2432	5
breakout_1656253812_89b07dc8	2434	5
breakout_1656253812_89b07dc8	2437	7
breakout_1656253812_89b07dc8	2440	30
breakout_1656253812_89b07dc8	2442	6
breakout_1656253812_89b07dc8	2445	12
breakout_1656253812_89b07dc8	2447	8
breakout_1656253812_89b07dc8	2450	11
breakout_1656253812_89b07dc8	2452	7
breakout_1656253812_89b07dc8	2455	6
breakout_1656253812_89b07dc8	2457	8
breakout_1656253812_89b07dc8	2460	15
breakout_1656253812_89b07dc8	2462	5
breakout_1656253812_89b07dc8	2465	8
breakout_1656253812_89b07dc8	2467	10
breakout_1656253812_89b07dc8	2470	11
breakout_1656253812_89b07dc8	2473	8
breakout_1656253812_89b07dc8	2475	8
breakout_1656253812_89b07dc8	2478	4
breakout_1656253812_89b07dc8	2480	5
breakout_1656253812_89b07dc8	2483	7
breakout_1656253812_89b07dc8	2485	9
breakout_1656253812_89b07dc8	2488	8
breakout_1656253812_89b07dc8	2490	7
breakout_1656253812_89b07dc8	2493	7
breakout_1656253812_89b07dc8	2495	5
breakout_1656253812_89b07dc8	2498	5
breakout_1656253812_89b07dc8	2500	7
breakout_1656253812_89b07dc8	2503	5
breakout_1656253812_89b07dc8	2506	5
breakout_1656253812_89b07dc8	2508	16
breakout_1656253812_89b07dc8	2511	6
breakout_1656253812_89b07dc8	2513	9
breakout_1656253812_89b07dc8	2516	10
breakout_1656253812_89b07dc8	2518	8
breakout_1656253812_89b07dc8	2521	10
breakout_1656253812_89b07dc8	2523	9
breakout_1656253812_89b07dc8	2526	6
breakout_1656253812_89b07dc8	2528	8
breakout_1656253812_89b07dc8	2531	13
breakout_1656253812_89b07dc8	2533	6
breakout_1656253812_89b07dc8	2536	10